time(s),x(m),y(m),theta(rad),theta(deg),v(m/s),w(rad/s),u0x,u0y
0.000000,0.000000,0.000000,0.000000,0.00,0.000000,0.000000,0.000000,0.000000
0.099996,0.000000,0.015000,1.570796,90.00,0.150000,0.000000,0.000000,0.150000
0.199996,0.000000,0.029999,1.570796,90.00,0.150000,0.000000,0.000000,0.150000
0.300096,0.000000,0.044999,1.570796,90.00,0.150000,0.000000,0.000000,0.150000
0.400077,0.000000,0.060014,1.570796,90.00,0.150000,0.000000,0.000000,0.150000
0.500103,0.000000,0.075012,1.570796,90.00,0.150000,0.000000,0.000000,0.150000
0.600025,0.000000,0.090015,1.570796,90.00,0.150000,0.000000,0.000000,0.150000
0.700122,0.000000,0.105004,1.570796,90.00,0.150000,0.000000,0.000000,0.150000
0.800122,0.000000,0.120018,1.570796,90.00,0.150000,0.000000,0.000000,0.150000
0.900100,0.000000,0.135018,1.570796,90.00,0.150000,0.000000,0.000000,0.150000
1.000109,0.000000,0.150015,1.570796,90.00,0.150000,0.000000,0.000000,0.150000
1.100148,0.000000,0.165016,1.570796,90.00,0.150000,0.000000,0.000000,0.150000
1.200044,0.000000,0.180022,1.570796,90.00,0.150000,0.000000,0.000000,0.150000
1.300080,0.000000,0.195007,1.570796,90.00,0.150000,0.000000,0.000000,0.150000
1.400040,0.000000,0.210012,1.570796,90.00,0.150000,0.000000,0.000000,0.150000
1.500021,0.000000,0.225006,1.570796,90.00,0.150000,0.000000,0.000000,0.150000
1.600033,0.000000,0.240003,1.570796,90.00,0.150000,0.000000,0.000000,0.150000
1.700103,0.000000,0.255005,1.570796,90.00,0.150000,0.000000,0.000000,0.150000
1.800046,0.000000,0.270015,1.570796,90.00,0.150000,0.000000,0.000000,0.150000
1.900120,0.000000,0.285007,1.570796,90.00,0.150000,0.000000,0.000000,0.150000
2.000083,0.000000,0.300018,1.570796,90.00,0.150000,0.000000,0.000000,0.150000
2.100067,0.000000,0.315012,1.570796,90.00,0.150000,0.000000,0.000000,0.150000
2.200106,0.000000,0.330010,1.570796,90.00,0.150000,0.000000,0.000000,0.150000
2.300113,0.000000,0.345016,1.570796,90.00,0.150000,0.000000,0.000000,0.150000
2.400038,0.000000,0.360017,1.570796,90.00,0.150000,0.000000,0.000000,0.150000
2.500094,0.000000,0.375006,1.570796,90.00,0.150000,0.000000,0.000000,0.150000
2.600135,0.000000,0.390014,1.570796,90.00,0.150000,0.000000,0.000000,0.150000
2.700065,0.000000,0.405020,1.570796,90.00,0.150000,0.000000,0.000000,0.150000
2.800098,0.000000,0.420010,1.570796,90.00,0.150000,0.000000,0.000000,0.150000
2.900095,0.000000,0.435015,1.570796,90.00,0.150000,0.000000,0.000000,0.150000
3.000229,0.000000,0.450014,1.570796,90.00,0.150000,0.000000,0.000000,0.150000
3.100128,0.000000,0.465034,1.570796,90.00,0.150000,0.000000,0.000000,0.150000
3.200149,0.000000,0.480019,1.570796,90.00,0.150000,0.000000,0.000000,0.150000
3.300048,0.000000,0.495022,1.570796,90.00,0.150000,0.000000,0.000000,0.150000
3.400061,0.000000,0.510007,1.570796,90.00,0.150000,0.000000,0.000000,0.150000
3.500108,0.000000,0.525009,1.570796,90.00,0.150000,0.000000,0.000000,0.150000
3.600028,0.000000,0.540016,1.570796,90.00,0.150000,0.000000,0.000000,0.150000
3.700084,0.000000,0.555004,1.570796,90.00,0.150000,0.000000,0.000000,0.150000
3.800150,0.000000,0.570013,1.570796,90.00,0.150000,0.000000,0.000000,0.150000
3.900056,0.000000,0.585022,1.570796,90.00,0.150000,0.000000,0.000000,0.150000
4.000101,0.000000,0.600008,1.570796,90.00,0.150000,0.000000,0.000000,0.150000
4.100201,0.000000,0.615015,1.570796,90.00,0.150000,0.000000,0.000000,0.150000
4.200075,0.000000,0.630030,1.570796,90.00,0.150000,0.000000,0.000000,0.150000
4.300098,0.000000,0.645011,1.570796,90.00,0.150000,0.000000,0.000000,0.150000
4.400126,0.000000,0.660015,1.570796,90.00,0.150000,0.000000,0.000000,0.150000
4.500041,0.000000,0.675019,1.570796,90.00,0.150000,0.000000,0.000000,0.150000
4.600101,0.000000,0.690006,1.570796,90.00,0.150000,0.000000,0.000000,0.150000
4.700139,0.000000,0.705015,1.570796,90.00,0.150000,0.000000,0.000000,0.150000
4.800046,0.000000,0.720021,1.570796,90.00,0.150000,0.000000,0.000000,0.150000
4.900090,0.000000,0.735007,1.570796,90.00,0.150000,0.000000,0.000000,0.150000
5.000122,0.000000,0.750013,1.570796,90.00,0.150000,0.000000,0.000000,0.150000
5.100026,0.000000,0.765018,1.570796,90.00,0.150000,0.000000,0.000000,0.150000
5.200107,0.000000,0.780004,1.570796,90.00,0.150000,0.000000,0.000000,0.150000
5.300115,0.000000,0.795016,1.570796,90.00,0.150000,0.000000,0.000000,0.150000
5.400039,0.000000,0.810017,1.570796,90.00,0.150000,0.000000,0.000000,0.150000
5.500074,0.000000,0.825006,1.570796,90.00,0.150000,0.000000,0.000000,0.150000
5.600042,0.000000,0.840011,1.570796,90.00,0.150000,0.000000,0.000000,0.150000
5.700018,0.000000,0.855006,1.570796,90.00,0.150000,0.000000,0.000000,0.150000
5.800086,0.000000,0.870003,1.570796,90.00,0.150000,0.000000,0.000000,0.150000
5.900108,0.000000,0.885013,1.570796,90.00,0.150000,0.000000,0.000000,0.150000
6.000085,0.000000,0.900016,1.570796,90.00,0.150000,0.000000,0.000000,0.150000
6.100206,0.000000,0.915013,1.570796,90.00,0.150000,0.000000,0.000000,0.150000
6.200142,0.000000,0.930031,1.570796,90.00,0.150000,0.000000,0.000000,0.150000
6.300049,0.000000,0.945021,1.570796,90.00,0.150000,0.000000,0.000000,0.150000
6.400106,0.000000,0.960007,1.570796,90.00,0.150000,0.000000,0.000000,0.150000
6.500139,0.000000,0.975016,1.570796,90.00,0.150000,0.000000,0.000000,0.150000
6.600049,0.000000,0.990021,1.570796,90.00,0.150000,0.000000,0.000000,0.150000
6.700104,0.000000,1.005007,1.570796,90.00,0.150000,0.000000,0.000000,0.150000
6.800034,0.000000,1.020016,1.570796,90.00,0.150000,0.000000,0.000000,0.150000
6.899999,0.000000,1.035005,1.570796,90.00,0.150000,0.000000,0.000000,0.150000
7.000070,0.000000,1.050000,1.570796,90.00,0.150000,0.000000,0.000000,0.150000
7.100132,0.000000,1.065010,1.570796,90.00,0.150000,0.000000,0.000000,0.150000
7.200091,0.000000,1.080020,1.570796,90.00,0.150000,0.000000,0.000000,0.150000
7.300089,0.000000,1.095014,1.570796,90.00,0.150000,0.000000,0.000000,0.150000
7.400118,0.000000,1.110013,1.570796,90.00,0.150000,0.000000,0.000000,0.150000
7.500055,0.000000,1.125018,1.570796,90.00,0.150000,0.000000,0.000000,0.150000
7.600099,0.000000,1.140008,1.570796,90.00,0.150000,0.000000,0.000000,0.150000
7.700119,0.000000,1.155015,1.570796,90.00,0.150000,0.000000,0.000000,0.150000
7.800043,0.000000,1.170018,1.570796,90.00,0.150000,0.000000,0.000000,0.150000
7.900087,0.000000,1.185006,1.570796,90.00,0.150000,0.000000,0.000000,0.150000
8.000102,0.000000,1.200013,1.570796,90.00,0.150000,0.000000,0.000000,0.150000
8.100037,0.000000,1.215015,1.570796,90.00,0.150000,0.000000,0.000000,0.150000
8.200222,0.000000,1.230006,1.570796,90.00,0.150000,0.000000,0.000000,0.150000
8.300142,0.000000,1.245033,1.570796,90.00,0.150000,0.000000,0.000000,0.150000
8.400044,0.000000,1.260021,1.570796,90.00,0.150000,0.000000,0.000000,0.150000
8.500174,0.000000,1.275007,1.570796,90.00,0.150000,0.000000,0.000000,0.150000
8.600147,0.000000,1.290026,1.570796,90.00,0.150000,0.000000,0.000000,0.150000
8.700026,0.000000,1.305022,1.570796,90.00,0.150000,0.000000,0.000000,0.150000
8.800099,0.000000,1.320004,1.570796,90.00,0.150000,0.000000,0.000000,0.150000
8.900135,0.000000,1.335015,1.570796,90.00,0.150000,0.000000,0.000000,0.150000
9.000051,0.000000,1.350020,1.570796,90.00,0.150000,0.000000,0.000000,0.150000
9.100137,0.000000,1.365008,1.570796,90.00,0.150000,0.000000,0.000000,0.150000
9.200170,0.000000,1.380021,1.570796,90.00,0.150000,0.000000,0.000000,0.150000
9.300020,0.000000,1.395026,1.570796,90.00,0.150000,0.000000,0.000000,0.150000
9.400085,0.000000,1.410003,1.570796,90.00,0.150000,0.000000,0.000000,0.150000
9.500108,0.000000,1.425013,1.570796,90.00,0.150000,0.000000,0.000000,0.150000
9.600035,0.000000,1.440016,1.570796,90.00,0.150000,0.000000,0.000000,0.150000
9.700092,0.000000,1.455005,1.570796,90.00,0.150000,0.000000,0.000000,0.150000
9.800130,0.000000,1.470014,1.570796,90.00,0.150000,0.000000,0.000000,0.150000
9.900042,0.000000,1.485020,1.570796,90.00,0.150000,0.000000,0.000000,0.150000
10.000088,0.000000,1.500006,1.570796,90.00,0.150000,0.000000,0.000000,0.150000
10.100242,0.000000,1.515013,1.570796,90.00,0.150000,0.000000,0.000000,0.150000
10.200017,0.000000,1.530036,1.570796,90.00,0.150000,0.000000,0.000000,0.150000
10.300101,0.000000,1.545003,1.570796,90.00,0.150000,0.000000,0.000000,0.150000
10.400137,0.000000,1.560015,1.570796,90.00,0.150000,0.000000,0.000000,0.150000
10.500043,0.000000,1.575021,1.570796,90.00,0.150000,0.000000,0.000000,0.150000
10.600002,0.000000,1.590006,1.570796,90.00,0.150000,0.000000,0.000000,0.150000
10.700109,0.000000,1.605000,1.570796,90.00,0.150000,0.000000,0.000000,0.150000
10.800063,0.000000,1.620016,1.570796,90.00,0.150000,0.000000,0.000000,0.150000
10.900075,0.000000,1.635009,1.570796,90.00,0.150000,0.000000,0.000000,0.150000
11.000075,0.000000,1.650011,1.570796,90.00,0.150000,0.000000,0.000000,0.150000
11.100035,0.000000,1.665011,1.570796,90.00,0.150000,0.000000,0.000000,0.150000
11.200109,0.000000,1.680005,1.570796,90.00,0.150000,0.000000,0.000000,0.150000
11.300121,0.000000,1.695016,1.570796,90.00,0.150000,0.000000,0.000000,0.150000
11.400056,0.000000,1.710018,1.570796,90.00,0.150000,0.000000,0.000000,0.150000
11.500100,0.000000,1.725008,1.570796,90.00,0.150000,0.000000,0.000000,0.150000
11.600155,0.000000,1.740015,1.570796,90.00,0.150000,0.000000,0.000000,0.150000
11.700031,0.000000,1.755023,1.570796,90.00,0.150000,0.000000,0.000000,0.150000
11.800080,0.000000,1.770005,1.570796,90.00,0.150000,0.000000,0.000000,0.150000
11.900106,0.000000,1.785012,1.570796,90.00,0.150000,0.000000,0.000000,0.150000
12.000030,0.000000,1.800016,1.570796,90.00,0.150000,0.000000,0.000000,0.150000
12.100118,0.000000,1.815004,1.570796,90.00,0.150000,0.000000,0.000000,0.150000
12.200140,0.000000,1.830018,1.570796,90.00,0.150000,0.000000,0.000000,0.150000
12.300055,0.000000,1.845021,1.570796,90.00,0.150000,0.000000,0.000000,0.150000
12.400107,0.000000,1.860008,1.570796,90.00,0.150000,0.000000,0.000000,0.150000
12.500119,0.000000,1.875016,1.570796,90.00,0.150000,0.000000,0.000000,0.150000
12.600047,0.000000,1.890018,1.570796,90.00,0.150000,0.000000,0.000000,0.150000
12.700171,0.000000,1.905007,1.570796,90.00,0.150000,0.000000,0.000000,0.150000
12.800138,0.000000,1.920026,1.570796,90.00,0.150000,0.000000,0.000000,0.150000
12.900053,0.000000,1.935021,1.570796,90.00,0.150000,0.000000,0.000000,0.150000
13.000101,0.000000,1.950008,1.570796,90.00,0.150000,0.000000,0.000000,0.150000
13.100152,0.000000,1.965015,1.570796,90.00,0.150000,0.000000,0.000000,0.150000
13.200050,0.000000,1.980023,1.570796,90.00,0.150000,0.000000,0.000000,0.150000
13.300103,0.000000,1.995007,1.570796,90.00,0.150000,0.000000,0.000000,0.150000
13.400203,0.000000,2.010015,1.570796,90.00,0.150000,0.000000,0.000000,0.150000
13.500054,0.000000,2.025030,1.570796,90.00,0.150000,0.000000,0.000000,0.150000
13.600176,0.000000,2.040008,1.570796,90.00,0.150000,0.000000,0.000000,0.150000
13.700138,0.000000,2.055026,1.570796,90.00,0.150000,0.000000,0.000000,0.150000
13.800102,0.000000,2.070021,1.570796,90.00,0.150000,0.000000,0.000000,0.150000
13.900102,0.000000,2.085015,1.570796,90.00,0.150000,0.000000,0.000000,0.150000
14.000191,0.000000,2.100015,1.570796,90.00,0.150000,0.000000,0.000000,0.150000
14.100015,0.000000,2.115029,1.570796,90.00,0.150000,0.000000,0.000000,0.150000
14.200099,0.000000,2.130002,1.570796,90.00,0.150000,0.000000,0.000000,0.150000
14.300147,0.000000,2.145015,1.570796,90.00,0.150000,0.000000,0.000000,0.150000
14.400053,0.000000,2.160022,1.570796,90.00,0.150000,0.000000,0.000000,0.150000
14.500097,0.000000,2.175008,1.570796,90.00,0.150000,0.000000,0.000000,0.150000
14.600130,0.000000,2.190015,1.570796,90.00,0.150000,0.000000,0.000000,0.150000
14.700042,0.000000,2.205019,1.570796,90.00,0.150000,0.000000,0.000000,0.150000
14.800095,0.000000,2.220006,1.570796,90.00,0.150000,0.000000,0.000000,0.150000
14.900131,0.000000,2.235014,1.570796,90.00,0.150000,0.000000,0.000000,0.150000
15.000043,0.000000,2.550020,1.570770,90.00,0.149998,-0.199998,0.000004,0.149998
15.100022,0.000149,2.564945,1.550868,88.86,0.148800,-0.198400,0.002965,0.148770
15.200128,0.000590,2.579756,1.531112,87.73,0.147602,-0.196803,0.005856,0.147486
15.300040,0.001319,2.594453,1.511490,86.60,0.146407,-0.195209,0.008678,0.146150
15.400102,0.002323,2.608987,1.492066,85.49,0.145220,-0.193627,0.011421,0.144770
15.500105,0.003601,2.623402,1.472770,84.38,0.144039,-0.192052,0.014097,0.143347
15.600073,0.005141,2.637665,1.453643,83.29,0.142868,-0.190490,0.016699,0.141888
15.700104,0.006937,2.651775,1.434677,82.20,0.141708,-0.188945,0.019230,0.140398
15.800111,0.008985,2.665743,1.415853,81.12,0.140562,-0.187416,0.021692,0.138878
15.900042,0.011274,2.679555,1.397186,80.05,0.139431,-0.185907,0.024085,0.137335
16.000150,0.013798,2.693201,1.378683,78.99,0.138317,-0.184423,0.026409,0.135772
16.100191,0.016555,2.706714,1.360294,77.94,0.137220,-0.182960,0.028672,0.134191
16.200134,0.019534,2.720059,1.342062,76.89,0.136145,-0.181526,0.030870,0.132599
16.300087,0.022727,2.733231,1.323990,75.86,0.135092,-0.180123,0.033004,0.130999
16.400195,0.026130,2.746245,1.306055,74.83,0.134064,-0.178751,0.035079,0.129393
16.500017,0.029743,2.759117,1.288228,73.81,0.133059,-0.177412,0.037100,0.127782
16.600156,0.033545,2.771792,1.270584,72.80,0.132084,-0.176112,0.039060,0.126176
16.700222,0.037552,2.784347,1.253012,71.79,0.131135,-0.174846,0.040975,0.124569
16.800092,0.041746,2.796732,1.235577,70.79,0.130216,-0.173622,0.042838,0.122968
16.900142,0.046115,2.808934,1.218297,69.80,0.129332,-0.172442,0.044651,0.121379
17.000148,0.050672,2.820998,1.201101,68.82,0.128478,-0.171304,0.046423,0.119798
17.100099,0.055401,2.832900,1.184025,67.84,0.127660,-0.170213,0.048153,0.118230
17.200138,0.060299,2.844640,1.167064,66.87,0.126877,-0.169169,0.049844,0.116676
17.300188,0.065369,2.856235,1.150191,65.90,0.126131,-0.168175,0.051501,0.115138
17.400048,0.070603,2.867678,1.133413,64.94,0.125423,-0.167231,0.053125,0.113616
17.500072,0.075988,2.878949,1.116758,63.99,0.124756,-0.166341,0.054718,0.112116
17.600113,0.081539,2.890088,1.100162,63.03,0.124127,-0.165503,0.056286,0.110632
17.700071,0.087248,2.901083,1.083645,62.09,0.123541,-0.164721,0.057831,0.109169
17.800095,0.093105,2.911923,1.067216,61.15,0.122997,-0.163995,0.059354,0.107728
17.900099,0.099117,2.922627,1.050847,60.21,0.122495,-0.163327,0.060860,0.106307
18.000027,0.105278,2.933188,1.034544,59.28,0.122038,-0.162718,0.062352,0.104908
18.100136,0.111582,2.943602,1.018312,58.34,0.121626,-0.162169,0.063830,0.103531
18.200227,0.118046,2.953899,1.002103,57.42,0.121259,-0.161679,0.065302,0.102174
18.300150,0.124656,2.964058,0.985942,56.49,0.120938,-0.161250,0.066767,0.100837
18.400113,0.131400,2.974068,0.969848,55.57,0.120664,-0.160885,0.068226,0.099523
18.500136,0.138293,2.983952,0.953782,54.65,0.120436,-0.160582,0.069685,0.098229
18.600125,0.145336,2.993713,0.937732,53.73,0.120256,-0.160341,0.071146,0.096953
18.700103,0.152523,3.003345,0.921709,52.81,0.120123,-0.160165,0.072610,0.095695
18.800202,0.159856,3.012850,0.905702,51.89,0.120039,-0.160052,0.074080,0.094453
18.900193,0.167345,3.022243,0.889684,50.98,0.120002,-0.160002,0.075560,0.093226
19.000182,0.174975,3.031504,0.873685,50.06,0.120013,-0.160017,0.077049,0.092014
19.100152,0.182754,3.040644,0.857682,49.14,0.120072,-0.160096,0.078550,0.090814
19.200037,0.190682,3.049663,0.841671,48.22,0.120179,-0.160239,0.080065,0.089624
19.300188,0.198756,3.058557,0.825655,47.31,0.120333,-0.160444,0.081595,0.088444
19.400204,0.207005,3.067355,0.809574,46.39,0.120536,-0.160714,0.083146,0.087267
19.500139,0.215399,3.076025,0.793484,45.46,0.120785,-0.161047,0.084715,0.086096
19.600179,0.223944,3.084570,0.777370,44.54,0.121081,-0.161441,0.086302,0.084927
19.700135,0.232658,3.093008,0.761197,43.61,0.121423,-0.161898,0.087912,0.083756
19.800116,0.241527,3.101321,0.744989,42.68,0.121811,-0.162415,0.089543,0.082584
19.900179,0.250562,3.109519,0.728723,41.75,0.122244,-0.162992,0.091197,0.081405
20.000137,0.259771,3.117605,0.712382,40.82,0.122722,-0.163629,0.092877,0.080216
20.100032,0.269140,3.125564,0.695991,39.88,0.123243,-0.164324,0.094579,0.079017
20.200082,0.278674,3.133397,0.679539,38.93,0.123806,-0.165075,0.096304,0.077804
20.300117,0.288397,3.141120,0.662984,37.99,0.124412,-0.165883,0.098057,0.076572
20.400088,0.298294,3.148717,0.646347,37.03,0.125059,-0.166746,0.099833,0.075320
20.500123,0.308365,3.156183,0.629632,36.08,0.125746,-0.167661,0.101633,0.074045
20.600160,0.318623,3.163525,0.612812,35.11,0.126471,-0.168629,0.103458,0.072743
20.700088,0.329064,3.170736,0.595892,34.14,0.127235,-0.169646,0.105306,0.071410
20.800072,0.339681,3.177804,0.578887,33.17,0.128034,-0.170712,0.107174,0.070046
20.900102,0.350491,3.184738,0.561763,32.19,0.128868,-0.171824,0.109063,0.068645
21.000035,0.361496,3.191533,0.544518,31.20,0.129737,-0.172983,0.110974,0.067205
21.100120,0.372682,3.198175,0.527172,30.20,0.130637,-0.174183,0.112901,0.065722
21.200211,0.384079,3.204677,0.509677,29.20,0.131570,-0.175427,0.114848,0.064192
21.300044,0.395672,3.211023,0.492054,28.19,0.132532,-0.176710,0.116809,0.062613
21.400104,0.407432,3.217193,0.474347,27.18,0.133520,-0.178026,0.118778,0.060986
21.500145,0.419416,3.223212,0.456467,26.15,0.134536,-0.179381,0.120762,0.059301
21.600038,0.431596,3.229057,0.438452,25.12,0.135577,-0.180769,0.122753,0.057558
21.700108,0.443958,3.234718,0.420324,24.08,0.136639,-0.182186,0.124746,0.055756
21.800130,0.456541,3.240204,0.402020,23.03,0.137725,-0.183633,0.126744,0.053889
21.900029,0.469318,3.245498,0.383580,21.98,0.138829,-0.185106,0.128741,0.051956
22.000107,0.482279,3.250589,0.365013,20.91,0.139951,-0.186601,0.130731,0.049957
22.100156,0.495462,3.255486,0.346263,19.84,0.141090,-0.188120,0.132716,0.047884
22.200089,0.508838,3.260170,0.327365,18.76,0.142243,-0.189658,0.134689,0.045738
22.300101,0.522396,3.264630,0.308334,17.67,0.143408,-0.191210,0.136644,0.043520
22.400210,0.536159,3.268869,0.289133,16.57,0.144583,-0.192778,0.138582,0.041224
22.500042,0.550129,3.272877,0.269755,15.46,0.145769,-0.194359,0.140497,0.038847
22.600182,0.564249,3.276634,0.250272,14.34,0.146958,-0.195944,0.142379,0.036397
22.700136,0.578600,3.280152,0.230571,13.21,0.148156,-0.197541,0.144235,0.033858
22.800024,0.593108,3.283406,0.210746,12.07,0.149354,-0.199139,0.146049,0.031243
22.900069,0.607785,3.286393,0.190775,10.93,0.150552,-0.200737,0.147821,0.028548
23.000105,0.622661,3.289111,0.170612,9.78,0.151752,-0.202336,0.149549,0.025765
23.100027,0.637706,3.291546,0.150291,8.61,0.152949,-0.203932,0.151225,0.022900
23.200085,0.652897,3.293687,0.129835,7.44,0.154139,-0.205519,0.152842,0.019956
23.300142,0.668269,3.295533,0.109192,6.26,0.155325,-0.207100,0.154400,0.016926
23.400062,0.683793,3.297072,0.088391,5.06,0.156502,-0.208669,0.155891,0.013815
23.500113,0.699441,3.298294,0.067463,3.87,0.157667,-0.210223,0.157308,0.010629
23.600148,0.715248,3.299194,0.046353,2.66,0.158821,-0.211762,0.158651,0.007359
23.700051,0.731182,3.299764,0.025093,1.44,0.159961,-0.213282,0.159911,0.004014
23.800106,0.747217,3.299995,0.003711,0.21,0.161084,-0.214778,0.161083,0.000598
23.900136,0.763389,3.299880,-0.017853,-1.02,0.162190,-0.216254,0.162164,-0.002895
24.000086,0.779660,3.299413,-0.039557,-2.27,0.163277,-0.217703,0.163149,-0.006457
24.100132,0.796012,3.298587,-0.061388,-3.52,0.164342,-0.219122,0.164032,-0.010082
24.200150,0.812463,3.297394,-0.083380,-4.78,0.165384,-0.220513,0.164810,-0.013774
24.300107,0.828981,3.295830,-0.105503,-6.04,0.166402,-0.221870,0.165477,-0.017523
24.400119,0.845550,3.293889,-0.127747,-7.32,0.167393,-0.223191,0.166029,-0.021326
24.500134,0.862178,3.291563,-0.150134,-8.60,0.168357,-0.224476,0.166463,-0.025181
24.600129,0.878843,3.288850,-0.172647,-9.89,0.169291,-0.225722,0.166774,-0.029083
24.699997,0.895530,3.285745,-0.195279,-11.19,0.170194,-0.226926,0.166960,-0.033025
24.800092,0.912208,3.282249,-0.218000,-12.49,0.171064,-0.228086,0.167016,-0.036997
24.900031,0.928923,3.278345,-0.240886,-13.80,0.171903,-0.229203,0.166939,-0.041010
25.000106,0.945597,3.274045,-0.263846,-15.12,0.172704,-0.230272,0.166728,-0.045041
25.100167,0.962266,3.269335,-0.286942,-16.44,0.173471,-0.231294,0.166378,-0.049096
25.200056,0.978890,3.264219,-0.310135,-17.77,0.174200,-0.232266,0.165889,-0.053164
25.300112,0.995431,3.258706,-0.333382,-19.10,0.174889,-0.233185,0.165259,-0.057231
25.400135,1.011928,3.252776,-0.356758,-20.44,0.175539,-0.234052,0.164486,-0.061305
25.500058,1.028336,3.246440,-0.380209,-21.78,0.176148,-0.234864,0.163569,-0.065371
25.600115,1.044629,3.239706,-0.403716,-23.13,0.176715,-0.235620,0.162508,-0.069420
25.700037,1.060830,3.232558,-0.427327,-24.48,0.177240,-0.236319,0.161302,-0.073455
25.800082,1.076881,3.225018,-0.450973,-25.84,0.177720,-0.236960,0.159952,-0.077458
25.900196,1.092810,3.217069,-0.474709,-27.20,0.178157,-0.237542,0.158457,-0.081432
26.000120,1.108593,3.208719,-0.498517,-28.56,0.178549,-0.238065,0.156818,-0.085368
26.100090,1.124175,3.199995,-0.522329,-29.93,0.178894,-0.238526,0.155040,-0.089250
26.200124,1.139580,3.190880,-0.546195,-31.29,0.179194,-0.238925,0.153122,-0.093080
26.300144,1.154795,3.181380,-0.570113,-32.67,0.179447,-0.239262,0.151066,-0.096852
26.400133,1.169796,3.171507,-0.594058,-34.04,0.179653,-0.239537,0.148874,-0.100557
26.500104,1.184567,3.161270,-0.618020,-35.41,0.179811,-0.239748,0.146551,-0.104187
26.600186,1.199096,3.150677,-0.641996,-36.78,0.179922,-0.239895,0.144100,-0.107736
26.700092,1.213390,3.139720,-0.666010,-38.16,0.179984,-0.239979,0.141520,-0.111204
26.800184,1.227395,3.128441,-0.689987,-39.53,0.179999,-0.239999,0.138825,-0.114574
26.900193,1.241151,3.116808,-0.714007,-40.91,0.179966,-0.239955,0.136008,-0.117854
27.000125,1.254607,3.104862,-0.738000,-42.28,0.179885,-0.239846,0.133082,-0.121028
27.100085,1.267756,3.092613,-0.761960,-43.66,0.179756,-0.239674,0.130051,-0.124093
27.200137,1.280600,3.080060,-0.785907,-45.03,0.179579,-0.239439,0.126917,-0.127046
27.300126,1.293137,3.067206,-0.809849,-46.40,0.179355,-0.239141,0.123685,-0.129886
27.400166,1.305339,3.054082,-0.833743,-47.77,0.179085,-0.238780,0.120364,-0.132604
27.500203,1.317210,3.040686,-0.857609,-49.14,0.178767,-0.238356,0.116958,-0.135198
27.600117,1.328737,3.027036,-0.881430,-50.50,0.178404,-0.237872,0.113473,-0.137665
27.700181,1.339898,3.013164,-0.905170,-51.86,0.177995,-0.237327,0.109921,-0.139999
27.800211,1.350716,2.999044,-0.928888,-53.22,0.177541,-0.236722,0.106298,-0.142203
27.900141,1.361165,2.984715,-0.952535,-54.58,0.177043,-0.236058,0.102618,-0.144270
28.000171,1.371234,2.970200,-0.976088,-55.93,0.176503,-0.235337,0.098889,-0.146199
28.100212,1.380937,2.955485,-0.999591,-57.27,0.175919,-0.234559,0.095110,-0.147992
28.200099,1.390262,2.940596,-1.023015,-58.61,0.175294,-0.233726,0.091292,-0.149646
28.300113,1.399189,2.925571,-1.046317,-59.95,0.174630,-0.232840,0.087448,-0.151157
28.400163,1.407741,2.910384,-1.069558,-61.28,0.173925,-0.231900,0.083573,-0.152530
28.500094,1.415908,2.895060,-1.092711,-62.61,0.173182,-0.230909,0.079678,-0.153764
28.600146,1.423675,2.879639,-1.115734,-63.93,0.172402,-0.229870,0.075774,-0.154857
28.700166,1.431061,2.864096,-1.138679,-65.24,0.171586,-0.228781,0.071859,-0.155814
28.800072,1.438052,2.848469,-1.161505,-66.55,0.170735,-0.227647,0.067946,-0.156633
28.900125,1.444646,2.832785,-1.184190,-67.85,0.169853,-0.226470,0.064042,-0.157316
29.000150,1.450858,2.817017,-1.206788,-69.14,0.168937,-0.225249,0.060145,-0.157868
29.100060,1.456680,2.801204,-1.229256,-70.43,0.167991,-0.223988,0.056267,-0.158288
29.200154,1.462109,2.785374,-1.251570,-71.71,0.167017,-0.222690,0.052415,-0.158580
29.300176,1.467163,2.769492,-1.273794,-72.98,0.166015,-0.221353,0.048585,-0.158746
29.400093,1.471833,2.753610,-1.295866,-74.25,0.164987,-0.219983,0.044791,-0.158791
29.500141,1.476121,2.737747,-1.317776,-75.50,0.163937,-0.218583,0.041038,-0.158717
29.600181,1.480040,2.721876,-1.339573,-76.75,0.162863,-0.217151,0.037323,-0.158529
29.700096,1.483590,2.706031,-1.361224,-77.99,0.161769,-0.215691,0.033655,-0.158229
29.800174,1.486772,2.690241,-1.382701,-79.22,0.160657,-0.214209,0.030041,-0.157823
29.900092,1.489599,2.674471,-1.404063,-80.45,0.159526,-0.212701,0.026475,-0.157313
30.000101,1.492069,2.658782,-1.425240,-81.66,0.158381,-0.211175,0.022972,-0.156707
30.100156,1.494194,2.643144,-1.446282,-82.87,0.157223,-0.209630,0.019526,-0.156005
30.200218,1.495977,2.627574,-1.467179,-84.06,0.156052,-0.208069,0.016141,-0.155215
30.300062,1.497426,2.612086,-1.487920,-85.25,0.154871,-0.206495,0.012820,-0.154340
30.400126,1.498543,2.596723,-1.508459,-86.43,0.153685,-0.204914,0.009574,-0.153387
30.500166,1.499341,2.581425,-1.528883,-87.60,0.152491,-0.203322,0.006389,-0.152357
30.600076,1.499824,2.566238,-1.549144,-88.76,0.151293,-0.201724,0.003276,-0.151258
30.700068,1.499999,2.551183,-1.569218,-89.91,0.150095,-0.200126,0.000237,-0.150094
30.800139,1.500000,2.536184,-1.570796,-90.00,0.150000,0.000000,0.000000,-0.150000
30.900055,1.500000,2.521174,-1.570796,-90.00,0.150000,0.000000,0.000000,-0.150000
31.000123,1.500000,2.506186,-1.570796,-90.00,0.150000,0.000000,0.000000,-0.150000
31.100065,1.500000,2.491176,-1.570796,-90.00,0.150000,0.000000,0.000000,-0.150000
31.200046,1.500000,2.476185,-1.570796,-90.00,0.150000,0.000000,0.000000,-0.150000
31.300149,1.500000,2.461188,-1.570796,-90.00,0.150000,0.000000,0.000000,-0.150000
31.400171,1.500000,2.446172,-1.570796,-90.00,0.150000,0.000000,0.000000,-0.150000
31.500084,1.500000,2.431169,-1.570796,-90.00,0.150000,0.000000,0.000000,-0.150000
31.600164,1.500000,2.416182,-1.570796,-90.00,0.150000,0.000000,0.000000,-0.150000
31.700230,1.500000,2.401170,-1.570796,-90.00,0.150000,0.000000,0.000000,-0.150000
31.800056,1.500000,2.386160,-1.570796,-90.00,0.150000,0.000000,0.000000,-0.150000
31.900148,1.500000,2.371186,-1.570796,-90.00,0.150000,0.000000,0.000000,-0.150000
32.000174,1.500000,2.356172,-1.570796,-90.00,0.150000,0.000000,0.000000,-0.150000
32.100169,1.500000,2.341168,-1.570796,-90.00,0.150000,0.000000,0.000000,-0.150000
32.200154,1.500000,2.326169,-1.570796,-90.00,0.150000,0.000000,0.000000,-0.150000
32.300125,1.500000,2.311171,-1.570796,-90.00,0.150000,0.000000,0.000000,-0.150000
32.400045,1.500000,2.296176,-1.570796,-90.00,0.150000,0.000000,0.000000,-0.150000
32.500078,1.500000,2.281188,-1.570796,-90.00,0.150000,0.000000,0.000000,-0.150000
32.600113,1.500000,2.266183,-1.570796,-90.00,0.150000,0.000000,0.000000,-0.150000
32.700042,1.500000,2.251178,-1.570796,-90.00,0.150000,0.000000,0.000000,-0.150000
32.800102,1.500000,2.236188,-1.570796,-90.00,0.150000,0.000000,0.000000,-0.150000
32.900107,1.500000,2.221179,-1.570796,-90.00,0.150000,0.000000,0.000000,-0.150000
33.000095,1.500000,2.206178,-1.570796,-90.00,0.150000,0.000000,0.000000,-0.150000
33.100130,1.500000,2.191180,-1.570796,-90.00,0.150000,0.000000,0.000000,-0.150000
33.200119,1.500000,2.176175,-1.570796,-90.00,0.150000,0.000000,0.000000,-0.150000
33.300046,1.500000,2.161177,-1.570796,-90.00,0.150000,0.000000,0.000000,-0.150000
33.400074,1.500000,2.146188,-1.570796,-90.00,0.150000,0.000000,0.000000,-0.150000
33.500098,1.500000,2.131183,-1.570796,-90.00,0.150000,0.000000,0.000000,-0.150000
33.600024,1.500000,2.116180,-1.570796,-90.00,0.150000,0.000000,0.000000,-0.150000
33.700214,1.500000,2.101191,-1.570796,-90.00,0.150000,0.000000,0.000000,-0.150000
33.800197,1.500000,2.086162,-1.570796,-90.00,0.150000,0.000000,0.000000,-0.150000
33.900033,1.500000,2.071165,-1.570796,-90.00,0.150000,0.000000,0.000000,-0.150000
34.000122,1.500000,2.056190,-1.570796,-90.00,0.150000,0.000000,0.000000,-0.150000
34.100109,1.500000,2.041176,-1.570796,-90.00,0.150000,0.000000,0.000000,-0.150000
34.200042,1.500000,2.026178,-1.570796,-90.00,0.150000,0.000000,0.000000,-0.150000
34.300235,1.500000,2.011188,-1.570796,-90.00,0.150000,0.000000,0.000000,-0.150000
34.400145,1.500000,1.996159,-1.570796,-90.00,0.150000,0.000000,0.000000,-0.150000
34.500027,1.500000,1.981173,-1.570796,-90.00,0.150000,0.000000,0.000000,-0.150000
34.600083,1.500000,1.966190,-1.570796,-90.00,0.150000,0.000000,0.000000,-0.150000
34.700102,1.500000,1.951182,-1.570796,-90.00,0.150000,0.000000,0.000000,-0.150000
34.800018,1.500000,1.936179,-1.570796,-90.00,0.150000,0.000000,0.000000,-0.150000
34.900069,1.500000,1.921192,-1.570796,-90.00,0.150000,0.000000,0.000000,-0.150000
35.000097,1.500000,1.906184,-1.570796,-90.00,0.150000,0.000000,0.000000,-0.150000
35.100031,1.500000,1.891180,-1.570796,-90.00,0.150000,0.000000,0.000000,-0.150000
35.200077,1.500000,1.876190,-1.570796,-90.00,0.150000,0.000000,0.000000,-0.150000
35.300116,1.500000,1.861183,-1.570796,-90.00,0.150000,0.000000,0.000000,-0.150000
35.400139,1.500000,1.846177,-1.570796,-90.00,0.150000,0.000000,0.000000,-0.150000
35.500058,1.500000,1.831174,-1.570796,-90.00,0.150000,0.000000,0.000000,-0.150000
35.600115,1.500000,1.816186,-1.570796,-90.00,0.150000,0.000000,0.000000,-0.150000
35.700028,1.500000,1.801177,-1.570796,-90.00,0.150000,0.000000,0.000000,-0.150000
35.800040,1.500000,1.786190,-1.570796,-90.00,0.150000,0.000000,0.000000,-0.150000
35.900095,1.500000,1.771189,-1.570796,-90.00,0.150000,0.000000,0.000000,-0.150000
36.000034,1.500000,1.756180,-1.570796,-90.00,0.150000,0.000000,0.000000,-0.150000
36.100093,1.500000,1.741189,-1.570796,-90.00,0.150000,0.000000,0.000000,-0.150000
36.200109,1.500000,1.726180,-1.570796,-90.00,0.150000,0.000000,0.000000,-0.150000
36.300046,1.500000,1.711178,-1.570796,-90.00,0.150000,0.000000,0.000000,-0.150000
36.400079,1.500000,1.696188,-1.570796,-90.00,0.150000,0.000000,0.000000,-0.150000
36.500106,1.500000,1.681183,-1.570796,-90.00,0.150000,0.000000,0.000000,-0.150000
36.600048,1.500000,1.666179,-1.570796,-90.00,0.150000,0.000000,0.000000,-0.150000
36.700068,1.500000,1.651187,-1.570796,-90.00,0.150000,0.000000,0.000000,-0.150000
36.800113,1.500000,1.636184,-1.570796,-90.00,0.150000,0.000000,0.000000,-0.150000
36.900026,1.500000,1.621178,-1.570796,-90.00,0.150000,0.000000,0.000000,-0.150000
37.000184,1.500000,1.606191,-1.570796,-90.00,0.150000,0.000000,0.000000,-0.150000
37.100124,1.500000,1.591167,-1.570796,-90.00,0.150000,0.000000,0.000000,-0.150000
37.200070,1.500000,1.576176,-1.570796,-90.00,0.150000,0.000000,0.000000,-0.150000
37.300094,1.500000,1.561184,-1.570796,-90.00,0.150000,0.000000,0.000000,-0.150000
37.400118,1.500000,1.546180,-1.570796,-90.00,0.150000,0.000000,0.000000,-0.150000
37.500043,1.500000,1.531177,-1.570796,-90.00,0.150000,0.000000,0.000000,-0.150000
37.600103,1.500000,1.516188,-1.570796,-90.00,0.150000,0.000000,0.000000,-0.150000
37.700137,1.500000,1.501179,-1.570796,-90.00,0.150000,0.000000,0.000000,-0.150000
37.800032,1.500000,1.486174,-1.570796,-90.00,0.150000,0.000000,0.000000,-0.150000
37.900087,1.500000,1.471190,-1.570796,-90.00,0.150000,0.000000,0.000000,-0.150000
38.000107,1.500000,1.456181,-1.570796,-90.00,0.150000,0.000000,0.000000,-0.150000
38.100024,1.500000,1.441178,-1.570796,-90.00,0.150000,0.000000,0.000000,-0.150000
38.200126,1.500000,1.426191,-1.570796,-90.00,0.150000,0.000000,0.000000,-0.150000
38.300186,1.500000,1.411176,-1.570796,-90.00,0.150000,0.000000,0.000000,-0.150000
38.400098,1.500000,1.396167,-1.570796,-90.00,0.150000,0.000000,0.000000,-0.150000
38.500125,1.500000,1.381180,-1.570796,-90.00,0.150000,0.000000,0.000000,-0.150000
38.600024,1.500000,1.366176,-1.570796,-90.00,0.150000,0.000000,0.000000,-0.150000
38.700022,1.500000,1.351191,-1.570796,-90.00,0.150000,0.000000,0.000000,-0.150000
38.800052,1.500000,1.336191,-1.570796,-90.00,0.150000,0.000000,0.000000,-0.150000
38.900098,1.500000,1.321187,-1.570796,-90.00,0.150000,0.000000,0.000000,-0.150000
39.000024,1.500000,1.306180,-1.570796,-90.00,0.150000,0.000000,0.000000,-0.150000
39.100046,1.500000,1.291191,-1.570796,-90.00,0.150000,0.000000,0.000000,-0.150000
39.200109,1.500000,1.276188,-1.570796,-90.00,0.150000,0.000000,0.000000,-0.150000
39.300004,1.500000,1.261178,-1.570796,-90.00,0.150000,0.000000,0.000000,-0.150000
39.400120,1.500010,1.246190,-1.565716,-89.71,0.150304,0.200406,0.000764,-0.150303
39.500143,1.500239,1.231084,-1.545572,-88.55,0.151505,0.202007,0.003821,-0.151457
39.600081,1.500777,1.215880,-1.525287,-87.39,0.152702,0.203603,0.006947,-0.152544
39.700134,1.501630,1.200584,-1.504860,-86.22,0.153894,0.205193,0.010140,-0.153560
39.800134,1.502807,1.185172,-1.484251,-85.04,0.155081,0.206775,0.013405,-0.154501
39.900120,1.504314,1.169678,-1.463494,-83.85,0.156260,0.208346,0.016735,-0.155361
40.000135,1.506156,1.154104,-1.442585,-82.65,0.157428,0.209904,0.020129,-0.156136
40.100137,1.508341,1.138454,-1.421514,-81.45,0.158584,0.211446,0.023586,-0.156821
40.200057,1.510875,1.122741,-1.400293,-80.23,0.159727,0.212969,0.027102,-0.157411
40.300003,1.513761,1.106987,-1.378937,-79.01,0.160853,0.214471,0.030672,-0.157902
40.400082,1.517008,1.091185,-1.357428,-77.77,0.161962,0.215950,0.034296,-0.158290
40.500054,1.520624,1.075329,-1.335743,-76.53,0.163054,0.217405,0.037974,-0.158570
40.600107,1.524606,1.059467,-1.313937,-75.28,0.164123,0.218831,0.041695,-0.158739
40.700028,1.528965,1.043581,-1.291972,-74.02,0.165171,0.220228,0.045459,-0.158792
40.800093,1.533697,1.027716,-1.269898,-72.76,0.166193,0.221591,0.049256,-0.158726
40.900110,1.538817,1.011842,-1.247658,-71.49,0.167191,0.222921,0.053090,-0.158537
41.000108,1.544320,0.996000,-1.225297,-70.20,0.168160,0.224214,0.056950,-0.158223
41.100196,1.550209,0.980199,-1.202813,-68.92,0.169101,0.225467,0.060831,-0.157780
41.200126,1.556493,0.964435,-1.180185,-67.62,0.170011,0.226682,0.064732,-0.157205
41.300112,1.563156,0.948760,-1.157474,-66.32,0.170888,0.227851,0.068638,-0.156498
41.400030,1.570215,0.933153,-1.134636,-65.01,0.171733,0.228977,0.072551,-0.155655
41.500092,1.577659,0.917648,-1.111703,-63.70,0.172542,0.230055,0.076459,-0.154676
41.600122,1.585505,0.902226,-1.088631,-62.37,0.173316,0.231088,0.080366,-0.153556
41.700065,1.593739,0.886927,-1.065466,-61.05,0.174052,0.232070,0.084258,-0.152298
41.800104,1.602354,0.871775,-1.042225,-59.72,0.174750,0.232999,0.088126,-0.150901
41.900118,1.611362,0.856755,-1.018872,-58.38,0.175408,0.233877,0.091971,-0.149363
42.000041,1.620752,0.841899,-0.995439,-57.03,0.176026,0.234701,0.095782,-0.147685
42.100112,1.630511,0.827231,-0.971948,-55.69,0.176601,0.235468,0.099549,-0.145870
42.200146,1.640660,0.812731,-0.948348,-54.34,0.177135,0.236180,0.103274,-0.143914
42.300105,1.651175,0.798438,-0.924689,-52.98,0.177625,0.236833,0.106945,-0.141822
42.400136,1.662046,0.784372,-0.900986,-51.62,0.178070,0.237427,0.110553,-0.139596
42.500177,1.673282,0.770525,-0.877208,-50.26,0.178471,0.237962,0.114097,-0.137237
42.600083,1.684871,0.756919,-0.853378,-48.89,0.178827,0.238436,0.117568,-0.134747
42.700065,1.696787,0.743586,-0.829536,-47.53,0.179136,0.238848,0.120956,-0.132134
42.800101,1.709046,0.730511,-0.805637,-46.16,0.179398,0.239198,0.124261,-0.129395
42.900039,1.721638,0.717709,-0.781694,-44.79,0.179614,0.239485,0.127476,-0.126535
43.000061,1.734534,0.705211,-0.757749,-43.42,0.179782,0.239709,0.130591,-0.123562
43.100148,1.747748,0.693006,-0.733764,-42.04,0.179903,0.239870,0.133606,-0.120475
43.199971,1.761267,0.681107,-0.709751,-40.67,0.179975,0.239967,0.136516,-0.117280
43.300116,1.775034,0.669563,-0.685794,-39.29,0.180000,0.240000,0.139305,-0.113992
43.400114,1.789120,0.658316,-0.661760,-37.92,0.179977,0.239969,0.141986,-0.110597
43.500049,1.803447,0.647430,-0.637768,-36.54,0.179905,0.239874,0.144541,-0.107116
43.600099,1.818014,0.636903,-0.613804,-35.17,0.179787,0.239715,0.146969,-0.103554
43.700106,1.832835,0.626724,-0.589831,-33.79,0.179620,0.239493,0.149270,-0.099908
43.800033,1.847872,0.616918,-0.565894,-32.42,0.179406,0.239207,0.151438,-0.096192
43.900085,1.863108,0.607494,-0.542007,-31.05,0.179145,0.238860,0.153469,-0.092413
44.000102,1.878558,0.598439,-0.518129,-29.69,0.178837,0.238449,0.155364,-0.088570
44.100030,1.894186,0.589775,-0.494303,-28.32,0.178483,0.237977,0.157118,-0.084675
44.200081,1.909969,0.581510,-0.470549,-26.96,0.178084,0.237445,0.158729,-0.080739
44.300107,1.925924,0.573631,-0.446821,-25.60,0.177639,0.236852,0.160199,-0.076758
44.400023,1.942016,0.566154,-0.423162,-24.25,0.177150,0.236200,0.161525,-0.072746
44.500069,1.958215,0.559086,-0.399596,-22.90,0.176619,0.235492,0.162704,-0.068713
44.600092,1.974546,0.552415,-0.376074,-21.55,0.176044,0.234725,0.163741,-0.064656
44.700076,1.990970,0.546151,-0.352637,-20.20,0.175427,0.233903,0.164633,-0.060588
44.800106,2.007469,0.540297,-0.329294,-18.87,0.174771,0.233027,0.165380,-0.056516
44.900119,2.024043,0.534847,-0.306030,-17.53,0.174074,0.232098,0.165986,-0.052444
45.000049,2.040668,0.529805,-0.282866,-16.21,0.173339,0.231118,0.166450,-0.048380
45.100110,2.057319,0.525173,-0.259821,-14.89,0.172567,0.230089,0.166775,-0.044334
45.200136,2.074017,0.520939,-0.236852,-13.57,0.171758,0.229010,0.166962,-0.040302
45.300045,2.090722,0.517108,-0.214001,-12.26,0.170914,0.227885,0.167015,-0.036297
45.400074,2.107405,0.513680,-0.191291,-10.96,0.170038,0.226717,0.166936,-0.032329
45.500097,2.124094,0.510644,-0.168673,-9.66,0.169129,0.225505,0.166729,-0.028392
45.600027,2.140755,0.507999,-0.146180,-8.38,0.168189,0.224252,0.166395,-0.024498
45.700079,2.157361,0.505743,-0.123834,-7.10,0.167221,0.222962,0.165941,-0.020655
45.800029,2.173936,0.503867,-0.101593,-5.82,0.166225,0.221633,0.165368,-0.016858
45.899994,2.190431,0.502369,-0.079508,-4.56,0.165203,0.220271,0.164681,-0.013121
46.000110,2.206855,0.501242,-0.057558,-3.30,0.164157,0.218876,0.163885,-0.009443
46.100127,2.223218,0.500478,-0.035717,-2.05,0.163087,0.217449,0.162983,-0.005824
46.200040,2.239470,0.500074,-0.014040,-0.80,0.161997,0.215995,0.161981,-0.002274
46.300091,2.255600,0.500021,0.007467,0.43,0.160888,0.214518,0.160884,0.001201
46.400111,2.271638,0.500312,0.028854,1.65,0.159761,0.213015,0.159695,0.004609
46.500038,2.287547,0.500940,0.050084,2.87,0.158619,0.211492,0.158420,0.007941
46.600085,2.303311,0.501897,0.071141,4.08,0.157464,0.209952,0.157065,0.011193
46.700117,2.318954,0.503176,0.092068,5.28,0.156295,0.208394,0.155633,0.014369
46.800082,2.334447,0.504769,0.112836,6.47,0.155117,0.206822,0.154130,0.017466
46.900091,2.349777,0.506667,0.133432,7.65,0.153931,0.205241,0.152563,0.020478
47.000130,2.364954,0.508862,0.153878,8.82,0.152738,0.203651,0.150934,0.023411
47.099947,2.379969,0.511347,0.174172,9.98,0.151541,0.202055,0.149248,0.026261
47.200088,2.394781,0.514107,0.194261,11.13,0.150344,0.200459,0.147516,0.029023
47.300135,2.409464,0.517149,0.214254,12.28,0.149142,0.198857,0.145732,0.031711
47.400047,2.423953,0.520452,0.234069,13.41,0.147943,0.197258,0.143909,0.034314
47.500088,2.438239,0.524007,0.253698,14.54,0.146749,0.195666,0.142052,0.036832
47.600209,2.452356,0.527814,0.273193,15.65,0.145559,0.194078,0.140161,0.039273
47.700092,2.466293,0.531865,0.292546,16.76,0.144374,0.192499,0.138240,0.041636
47.800055,2.480004,0.536139,0.311695,17.86,0.143202,0.190936,0.136302,0.043916
47.900102,2.493531,0.540639,0.330704,18.95,0.142039,0.189386,0.134343,0.046121
48.000035,2.506873,0.545361,0.349574,20.03,0.140888,0.187851,0.132367,0.048254
48.100089,2.520002,0.550287,0.368271,21.10,0.139753,0.186338,0.130383,0.050312
48.200108,2.532948,0.555421,0.386840,22.16,0.138633,0.184845,0.128389,0.052301
48.300042,2.545689,0.560748,0.405254,23.22,0.137532,0.183376,0.126392,0.054222
48.400108,2.558220,0.566260,0.423507,24.27,0.136452,0.181935,0.124397,0.056076
48.500140,2.570568,0.571962,0.441642,25.30,0.135391,0.180522,0.122401,0.057870
48.600031,2.582713,0.577838,0.459631,26.33,0.134355,0.179140,0.120411,0.059602
48.700089,2.594642,0.583875,0.477458,27.36,0.133345,0.177793,0.118432,0.061275
48.800118,2.606393,0.590088,0.495181,28.37,0.132360,0.176480,0.116461,0.062896
48.900042,2.617945,0.596458,0.512770,29.38,0.131403,0.175204,0.114503,0.064466
49.000087,2.629289,0.602976,0.530215,30.38,0.130477,0.173970,0.112563,0.065985
49.100141,2.640454,0.609652,0.547560,31.37,0.129582,0.172776,0.110637,0.067461
49.200038,2.651428,0.616474,0.564789,32.36,0.128719,0.171625,0.108729,0.068895
49.300173,2.662196,0.623426,0.581878,33.34,0.127891,0.170521,0.106844,0.070288
49.400141,2.672801,0.630533,0.598900,34.31,0.127097,0.169462,0.104976,0.071649
49.500031,2.683203,0.637762,0.615790,35.28,0.126340,0.168454,0.103134,0.072975
49.600108,2.693414,0.645116,0.632569,36.24,0.125623,0.167497,0.101316,0.074270
49.700145,2.703463,0.652613,0.649285,37.20,0.124942,0.166590,0.099519,0.075542
49.800105,2.713330,0.660233,0.665907,38.15,0.124302,0.165737,0.097746,0.076791
49.900149,2.723013,0.667970,0.682434,39.10,0.123704,0.164939,0.095999,0.078018
50.000157,2.732531,0.675836,0.698898,40.04,0.123148,0.164197,0.094276,0.079230
50.100040,2.741874,0.683820,0.715284,40.98,0.122634,0.163512,0.092577,0.080427
50.200085,2.751037,0.691912,0.731584,41.92,0.122165,0.162887,0.090905,0.081612
50.300111,2.760049,0.700136,0.747851,42.85,0.121740,0.162319,0.089254,0.082791
50.400036,2.768895,0.708476,0.764062,43.78,0.121359,0.161813,0.087625,0.083964
50.500083,2.777571,0.716925,0.780208,44.70,0.121026,0.161367,0.086021,0.085133
50.600025,2.786097,0.725500,0.796333,45.63,0.120738,0.160983,0.084436,0.086303
50.700017,2.794458,0.734184,0.812405,46.55,0.120497,0.160662,0.082872,0.087474
50.800089,2.802667,0.742990,0.828457,47.47,0.120303,0.160404,0.081326,0.088650
50.900117,2.810728,0.751920,0.844498,48.39,0.120157,0.160209,0.079797,0.089834
51.000040,2.818635,0.760966,0.860517,49.30,0.120058,0.160077,0.078283,0.091026
51.100097,2.826382,0.770121,0.876508,50.22,0.120007,0.160010,0.076785,0.092227
51.200101,2.833990,0.779410,0.892517,51.14,0.120005,0.160006,0.075297,0.093442
51.300053,2.841446,0.788815,0.908521,52.05,0.120050,0.160067,0.073820,0.094671
51.400075,2.848751,0.798340,0.924526,52.97,0.120143,0.160191,0.072352,0.095915
51.500083,2.855915,0.807997,0.940557,53.89,0.120284,0.160379,0.070888,0.097176
51.600039,2.862931,0.817779,0.956609,54.81,0.120473,0.160631,0.069428,0.098455
51.699996,2.869798,0.827685,0.972680,55.73,0.120709,0.160945,0.067969,0.099753
51.799982,2.876519,0.837722,0.988786,56.65,0.120991,0.161321,0.066509,0.101071
51.900031,2.883096,0.847894,1.004937,57.58,0.121320,0.161760,0.065045,0.102410
52.000068,2.889530,0.858208,1.021145,58.51,0.121695,0.162260,0.063572,0.103770
52.100218,2.895816,0.868658,1.037405,59.44,0.122115,0.162821,0.062090,0.105152
52.200146,2.901959,0.879259,1.053742,60.37,0.122581,0.163441,0.060594,0.106557
52.300173,2.907939,0.889978,1.070108,61.31,0.123089,0.164119,0.059087,0.107980
52.400169,2.913773,0.900851,1.086560,62.26,0.123641,0.164855,0.057559,0.109426
52.500091,2.919452,0.911866,1.103084,63.20,0.124235,0.165647,0.056011,0.110893
52.600022,2.924970,0.923021,1.119678,64.15,0.124870,0.166493,0.054440,0.112378
52.700142,2.930331,0.934326,1.136360,65.11,0.125545,0.167393,0.052842,0.113883
52.800102,2.935540,0.945804,1.153167,66.07,0.126260,0.168347,0.051210,0.115408
52.900142,2.940576,0.957417,1.170045,67.04,0.127012,0.169350,0.049549,0.116949
53.000163,2.945448,0.969194,1.187039,68.01,0.127802,0.170402,0.047850,0.118506
53.100061,2.950148,0.981126,1.204137,68.99,0.128627,0.171502,0.046113,0.120077
53.200109,2.954666,0.993200,1.221327,69.98,0.129485,0.172646,0.044336,0.121658
53.300137,2.959011,1.005452,1.238659,70.97,0.130377,0.173836,0.042511,0.123252
53.400061,2.963170,1.017860,1.256109,71.97,0.131300,0.175067,0.040640,0.124853
53.500177,2.967135,1.030416,1.273665,72.98,0.132253,0.176337,0.038721,0.126457
53.600147,2.970913,1.043157,1.291384,73.99,0.133235,0.177647,0.036745,0.128068
53.700046,2.974486,1.056041,1.309211,75.01,0.134243,0.178991,0.034717,0.129676
53.800100,2.977850,1.069075,1.327160,76.04,0.135276,0.180368,0.032633,0.131281
53.900138,2.981009,1.082291,1.345277,77.08,0.136333,0.181778,0.030486,0.132881
54.000128,2.983948,1.095663,1.363533,78.12,0.137413,0.183217,0.028277,0.134472
54.100169,2.986663,1.109188,1.381926,79.18,0.138512,0.184682,0.026005,0.136048
54.200141,2.989148,1.122877,1.400477,80.24,0.139629,0.186173,0.023667,0.137609
54.300061,2.991394,1.136711,1.419164,81.31,0.140763,0.187684,0.021263,0.139148
54.400109,2.993396,1.150690,1.437994,82.39,0.141911,0.189215,0.018791,0.140661
54.500129,2.995149,1.164838,1.457002,83.48,0.143073,0.190764,0.016246,0.142148
54.600070,2.996644,1.179129,1.476160,84.58,0.144246,0.192328,0.013631,0.143601
54.700120,2.997873,1.193551,1.495460,85.68,0.145428,0.193903,0.010946,0.145015
54.800144,2.998830,1.208129,1.514939,86.80,0.146618,0.195490,0.008185,0.146389
54.900054,2.999508,1.222838,1.534573,87.92,0.147813,0.197083,0.005353,0.147716
55.000092,2.999898,1.237661,1.554343,89.06,0.149010,0.198680,0.002452,0.148990
55.100098,3.000000,1.252625,1.570796,90.00,0.150000,0.000000,0.000000,0.150000
55.200046,3.000000,1.267626,1.570796,90.00,0.150000,0.000000,0.000000,0.150000
55.300084,3.000000,1.282618,1.570796,90.00,0.150000,0.000000,0.000000,0.150000
55.400023,3.000000,1.297624,1.570796,90.00,0.150000,0.000000,0.000000,0.150000
55.499984,3.000000,1.312615,1.570796,90.00,0.150000,0.000000,0.000000,0.150000
55.600004,3.000000,1.327609,1.570796,90.00,0.150000,0.000000,0.000000,0.150000
55.700019,3.000000,1.342612,1.570796,90.00,0.150000,0.000000,0.000000,0.150000
55.800012,3.000000,1.357614,1.570796,90.00,0.150000,0.000000,0.000000,0.150000
55.900082,3.000000,1.372613,1.570796,90.00,0.150000,0.000000,0.000000,0.150000
56.000100,3.000000,1.387623,1.570796,90.00,0.150000,0.000000,0.000000,0.150000
56.100034,3.000000,1.402626,1.570796,90.00,0.150000,0.000000,0.000000,0.150000
56.200086,3.000000,1.417616,1.570796,90.00,0.150000,0.000000,0.000000,0.150000
56.300116,3.000000,1.432624,1.570796,90.00,0.150000,0.000000,0.000000,0.150000
56.400042,3.000000,1.447628,1.570796,90.00,0.150000,0.000000,0.000000,0.150000
56.500086,3.000000,1.462617,1.570796,90.00,0.150000,0.000000,0.000000,0.150000
56.600194,3.000000,1.477624,1.570796,90.00,0.150000,0.000000,0.000000,0.150000
56.700152,3.000000,1.492640,1.570796,90.00,0.150000,0.000000,0.000000,0.150000
56.800087,3.000000,1.507634,1.570796,90.00,0.150000,0.000000,0.000000,0.150000
56.900127,3.000000,1.522624,1.570796,90.00,0.150000,0.000000,0.000000,0.150000
57.000023,3.000000,1.537630,1.570796,90.00,0.150000,0.000000,0.000000,0.150000
57.100102,3.000000,1.552614,1.570796,90.00,0.150000,0.000000,0.000000,0.150000
57.200175,3.000000,1.567626,1.570796,90.00,0.150000,0.000000,0.000000,0.150000
57.300032,3.000000,1.582637,1.570796,90.00,0.150000,0.000000,0.000000,0.150000
57.400096,3.000000,1.597616,1.570796,90.00,0.150000,0.000000,0.000000,0.150000
57.500130,3.000000,1.612625,1.570796,90.00,0.150000,0.000000,0.000000,0.150000
57.600046,3.000000,1.627631,1.570796,90.00,0.150000,0.000000,0.000000,0.150000
57.700102,3.000000,1.642618,1.570796,90.00,0.150000,0.000000,0.000000,0.150000
57.800129,3.000000,1.657626,1.570796,90.00,0.150000,0.000000,0.000000,0.150000
57.900056,3.000000,1.672630,1.570796,90.00,0.150000,0.000000,0.000000,0.150000
58.000057,3.000000,1.687619,1.570796,90.00,0.150000,0.000000,0.000000,0.150000
58.100121,3.000000,1.702620,1.570796,90.00,0.150000,0.000000,0.000000,0.150000
58.200062,3.000000,1.717629,1.570796,90.00,0.150000,0.000000,0.000000,0.150000
58.300119,3.000000,1.732620,1.570796,90.00,0.150000,0.000000,0.000000,0.150000
58.400134,3.000000,1.747629,1.570796,90.00,0.150000,0.000000,0.000000,0.150000
58.500047,3.000000,1.762631,1.570796,90.00,0.150000,0.000000,0.000000,0.150000
58.599995,3.000000,1.777618,1.570796,90.00,0.150000,0.000000,0.000000,0.150000
58.700106,3.000000,1.792610,1.570796,90.00,0.150000,0.000000,0.000000,0.150000
58.800037,3.000000,1.807627,1.570796,90.00,0.150000,0.000000,0.000000,0.150000
58.900127,3.000000,1.822617,1.570796,90.00,0.150000,0.000000,0.000000,0.150000
59.000148,3.000000,1.837630,1.570796,90.00,0.150000,0.000000,0.000000,0.150000
59.100055,3.000000,1.852633,1.570796,90.00,0.150000,0.000000,0.000000,0.150000
59.200136,3.000000,1.867619,1.570796,90.00,0.150000,0.000000,0.000000,0.150000
59.300165,3.000000,1.882631,1.570796,90.00,0.150000,0.000000,0.000000,0.150000
59.400095,3.000000,1.897636,1.570796,90.00,0.150000,0.000000,0.000000,0.150000
59.500134,3.000000,1.912625,1.570796,90.00,0.150000,0.000000,0.000000,0.150000
59.600168,3.000000,1.927631,1.570796,90.00,0.150000,0.000000,0.000000,0.150000
59.700020,3.000000,1.942636,1.570796,90.00,0.150000,0.000000,0.000000,0.150000
59.800106,3.000000,1.957614,1.570796,90.00,0.150000,0.000000,0.000000,0.150000
59.900135,3.000000,1.972627,1.570796,90.00,0.150000,0.000000,0.000000,0.150000
60.000062,3.000000,1.987631,1.570796,90.00,0.150000,0.000000,0.000000,0.150000
60.100121,3.000000,2.002620,1.570796,90.00,0.150000,0.000000,0.000000,0.150000
60.200153,3.000000,2.017629,1.570796,90.00,0.150000,0.000000,0.000000,0.150000
60.300020,3.000000,2.032634,1.570796,90.00,0.150000,0.000000,0.000000,0.150000
60.400064,3.000000,2.047614,1.570796,90.00,0.150000,0.000000,0.000000,0.150000
60.500130,3.000000,2.062621,1.570796,90.00,0.150000,0.000000,0.000000,0.150000
60.600029,3.000000,2.077630,1.570796,90.00,0.150000,0.000000,0.000000,0.150000
60.700074,3.000000,2.092615,1.570796,90.00,0.150000,0.000000,0.000000,0.150000
60.800115,3.000000,2.107622,1.570796,90.00,0.150000,0.000000,0.000000,0.150000
60.900020,3.000000,2.122628,1.570796,90.00,0.150000,0.000000,0.000000,0.150000
61.000076,3.000000,2.137614,1.570796,90.00,0.150000,0.000000,0.000000,0.150000
61.100100,3.000000,2.152622,1.570796,90.00,0.150000,0.000000,0.000000,0.150000
61.200053,3.000000,2.167626,1.570796,90.00,0.150000,0.000000,0.000000,0.150000
61.300083,3.000000,2.182619,1.570796,90.00,0.150000,0.000000,0.000000,0.150000
61.400139,3.000000,2.197623,1.570796,90.00,0.150000,0.000000,0.000000,0.150000
61.500057,3.000000,2.212632,1.570796,90.00,0.150000,0.000000,0.000000,0.150000
61.600073,3.000000,2.227620,1.570796,90.00,0.150000,0.000000,0.000000,0.150000
61.700133,3.000000,2.242622,1.570796,90.00,0.150000,0.000000,0.000000,0.150000
61.800064,3.000000,2.257631,1.570796,90.00,0.150000,0.000000,0.000000,0.150000
61.900047,3.000000,2.272621,1.570796,90.00,0.150000,0.000000,0.000000,0.150000
62.000097,3.000000,2.287618,1.570796,90.00,0.150000,0.000000,0.000000,0.150000
62.100065,3.000000,2.302626,1.570796,90.00,0.150000,0.000000,0.000000,0.150000
62.200091,3.000000,2.317621,1.570796,90.00,0.150000,0.000000,0.000000,0.150000
62.300117,3.000000,2.332625,1.570796,90.00,0.150000,0.000000,0.000000,0.150000
62.400024,3.000000,2.347629,1.570796,90.00,0.150000,0.000000,0.000000,0.150000
62.500071,3.000000,2.362615,1.570796,90.00,0.150000,0.000000,0.000000,0.150000
62.600099,3.000000,2.377622,1.570796,90.00,0.150000,0.000000,0.000000,0.150000
62.700038,3.000000,2.392626,1.570796,90.00,0.150000,0.000000,0.000000,0.150000
62.800084,3.000000,2.407617,1.570796,90.00,0.150000,0.000000,0.000000,0.150000
62.900085,3.000000,2.422624,1.570796,90.00,0.150000,0.000000,0.000000,0.150000
63.000041,3.000000,2.437624,1.570796,90.00,0.150000,0.000000,0.000000,0.150000
63.100060,3.000000,2.452617,1.570796,90.00,0.150000,0.000000,0.000000,0.150000
63.200126,3.000000,2.467620,1.570796,90.00,0.150000,0.000000,0.000000,0.150000
63.300047,3.000000,2.482630,1.570796,90.00,0.150000,0.000000,0.000000,0.150000
63.400164,3.000000,2.497618,1.570796,90.00,0.150000,0.000000,0.000000,0.150000
63.500114,3.000000,2.512636,1.570796,90.00,0.150000,0.000000,0.000000,0.150000
63.600068,3.000000,2.527628,1.570796,90.00,0.150000,0.000000,0.000000,0.150000
63.700169,3.000000,2.542621,1.570796,90.00,0.150000,0.000000,0.000000,0.150000
63.800115,3.000000,2.557636,1.570796,90.00,0.150000,0.000000,0.000000,0.150000
63.900031,3.000000,2.572628,1.570796,90.00,0.150000,0.000000,0.000000,0.150000
64.000081,3.000000,2.587616,1.570796,90.00,0.150000,0.000000,0.000000,0.150000
64.100171,3.000000,2.602623,1.570796,90.00,0.150000,0.000000,0.000000,0.150000
64.200068,3.000000,2.617637,1.570796,90.00,0.150000,0.000000,0.000000,0.150000
64.300094,3.000000,2.632621,1.570796,90.00,0.150000,0.000000,0.000000,0.150000
64.400101,3.000000,2.647625,1.570796,90.00,0.150000,0.000000,0.000000,0.150000
64.500028,3.000000,2.662626,1.570796,90.00,0.150000,0.000000,0.000000,0.150000
64.600060,3.000000,2.677615,1.570796,90.00,0.150000,0.000000,0.000000,0.150000
64.700115,3.000000,2.692620,1.570796,90.00,0.150000,0.000000,0.000000,0.150000
64.800046,3.000000,2.707628,1.570796,90.00,0.150000,0.000000,0.000000,0.150000
64.900126,3.000000,2.722618,1.570796,90.00,0.150000,0.000000,0.000000,0.150000
65.000138,3.000000,2.737630,1.570796,90.00,0.150000,0.000000,0.000000,0.150000
65.100048,3.000000,2.752632,1.570796,90.00,0.150000,0.000000,0.000000,0.150000
65.200099,3.000000,2.767618,1.570796,90.00,0.150000,0.000000,0.000000,0.150000
65.300108,3.000000,2.782626,1.570796,90.00,0.150000,0.000000,0.000000,0.150000
65.400046,3.000000,2.797627,1.570796,90.00,0.150000,0.000000,0.000000,0.150000
65.500090,3.000000,2.812618,1.570796,90.00,0.150000,0.000000,0.000000,0.150000
65.600106,3.000000,2.827625,1.570796,90.00,0.150000,0.000000,0.000000,0.150000
65.700137,3.000000,2.842627,1.570796,90.00,0.150000,0.000000,0.000000,0.150000
65.800069,3.000000,2.857632,1.570796,90.00,0.150000,0.000000,0.000000,0.150000
65.900041,3.000000,2.872621,1.570796,90.00,0.150000,0.000000,0.000000,0.150000
66.000026,3.000000,2.887617,1.570796,90.00,0.150000,0.000000,0.000000,0.150000
66.100082,3.000000,2.902615,1.570796,90.00,0.150000,0.000000,0.000000,0.150000
66.200090,3.000000,2.917623,1.570796,90.00,0.150000,0.000000,0.000000,0.150000
66.300094,3.000000,2.932625,1.570796,90.00,0.150000,0.000000,0.000000,0.150000
66.400100,3.000000,2.947625,1.570796,90.00,0.150000,0.000000,0.000000,0.150000
66.500085,3.000000,2.962626,1.570796,90.00,0.150000,0.000000,0.000000,0.150000
66.600066,3.000000,2.977624,1.570796,90.00,0.150000,0.000000,0.000000,0.150000
66.700102,3.000000,2.992621,1.570796,90.00,0.150000,0.000000,0.000000,0.150000
66.800106,3.000000,3.007626,1.570796,90.00,0.150000,0.000000,0.000000,0.150000
66.900051,3.000000,3.022627,1.570796,90.00,0.150000,0.000000,0.000000,0.150000
67.000137,3.000000,3.037619,1.570796,90.00,0.150000,0.000000,0.000000,0.150000
67.100207,3.000000,3.052632,1.570796,90.00,0.150000,0.000000,0.000000,0.150000
67.200035,3.000000,3.067642,1.570796,90.00,0.150000,0.000000,0.000000,0.150000
67.300100,3.000000,3.082616,1.570796,90.00,0.150000,0.000000,0.000000,0.150000
67.400121,3.000000,3.097626,1.570796,90.00,0.150000,0.000000,0.000000,0.150000
67.500119,3.000000,3.112629,1.570796,90.00,0.150000,0.000000,0.000000,0.150000
67.600145,3.000000,3.127629,1.570796,90.00,0.150000,0.000000,0.000000,0.150000
67.700180,3.000000,3.142633,1.570796,90.00,0.150000,0.000000,0.000000,0.150000
67.800088,3.000000,3.157638,1.570796,90.00,0.150000,0.000000,0.000000,0.150000
67.900143,3.000000,3.172624,1.570796,90.00,0.150000,0.000000,0.000000,0.150000
