time(s),x(m),y(m),theta(rad),theta(deg),vc(m/s),wc(rad/s),xr(m),yr(m),thetar(rad),xe(m),ye(m),thetae(rad)
0.000000,-0.400000,0.300000,0.011654,0.67,0.157707,-1.275357,-0.379919,0.280065,0.000000,-0.076393,0.049886,1.559142
0.099996,-0.400000,0.300000,0.011690,0.67,0.220000,-1.256103,-0.357919,0.264218,0.000000,-0.076393,0.034887,1.559106
0.199996,-0.398330,0.300013,0.004760,0.27,0.220000,-0.772864,-0.337324,0.259611,0.000000,-0.074723,0.019900,1.566037
0.300096,-0.388408,0.300047,0.000433,0.02,0.220000,0.332454,-0.325279,0.266568,0.000000,-0.064801,0.004918,1.570363
0.400077,-0.373324,0.299882,-0.025143,-1.44,0.220000,1.606380,-0.320223,0.282048,0.000000,-0.049717,-0.010244,1.595940
0.500103,-0.361130,0.299497,-0.036052,-2.07,0.220000,2.323756,-0.319403,0.302199,0.000000,-0.037524,-0.025632,1.606848
0.600025,-0.342714,0.298887,-0.022849,-1.31,0.220000,2.722379,-0.320449,0.323810,0.000000,-0.019108,-0.041230,1.593645
0.700122,-0.327455,0.298967,0.043071,2.47,0.204334,2.840000,-0.321870,0.344367,0.000000,-0.003848,-0.056166,1.527725
0.800122,-0.315442,0.300117,0.155137,8.89,0.206312,2.827377,-0.322963,0.363162,0.000000,0.008165,-0.070015,1.415659
0.900100,-0.305161,0.302361,0.276518,15.84,0.220000,2.712068,-0.323615,0.380556,0.000000,0.018446,-0.082768,1.294278
1.000109,-0.295593,0.305729,0.400950,22.97,0.220000,2.600673,-0.323887,0.397017,0.000000,0.028014,-0.094401,1.169846
1.100148,-0.286476,0.310291,0.526217,30.15,0.220000,2.526286,-0.323908,0.412931,0.000000,0.037131,-0.104846,1.044579
1.200044,-0.277998,0.315953,0.651564,37.33,0.220000,2.493728,-0.323808,0.428551,0.000000,0.045608,-0.114168,0.919232
1.300080,-0.270118,0.322773,0.775519,44.43,0.220000,2.483556,-0.323679,0.444010,0.000000,0.053489,-0.122353,0.795277
1.400040,-0.262933,0.330737,0.896759,51.38,0.220000,2.467993,-0.323593,0.459370,0.000000,0.060673,-0.129383,0.674037
1.500021,-0.256622,0.339690,1.016070,58.22,0.220000,2.415957,-0.323560,0.474650,0.000000,0.066985,-0.135427,0.554726
1.600033,-0.253049,0.345984,1.093596,62.66,0.220000,2.356631,-0.323554,0.489857,0.000000,0.070557,-0.144135,0.477200
1.700103,-0.248556,0.356058,1.207761,69.20,0.220000,2.216367,-0.323558,0.504996,0.000000,0.075051,-0.149072,0.363035
1.800046,-0.245126,0.366940,1.321594,75.72,0.220000,2.003343,-0.323564,0.520080,0.000000,0.078480,-0.153181,0.249202
1.900120,-0.242901,0.378285,1.430718,81.97,0.220000,1.736737,-0.323570,0.535122,0.000000,0.080706,-0.156847,0.140078
2.000083,-0.241835,0.390358,1.531215,87.73,0.220000,1.441421,-0.323575,0.550139,0.000000,0.081772,-0.159769,0.039582
2.100067,-0.241775,0.398937,1.594789,91.37,0.220000,1.183980,-0.323580,0.565141,0.000000,0.081831,-0.166187,-0.023993
2.200106,-0.242697,0.412646,1.675184,95.98,0.220000,0.909885,-0.323583,0.580134,0.000000,0.080910,-0.167484,-0.104388
2.300113,-0.244799,0.427249,1.748415,100.18,0.220000,0.633967,-0.323586,0.595127,0.000000,0.078808,-0.167882,-0.177618
2.400038,-0.248137,0.443176,1.803217,103.32,0.220000,0.385292,-0.323589,0.610122,0.000000,0.075470,-0.166944,-0.232421
2.500094,-0.252541,0.460206,1.841913,105.53,0.220000,0.173957,-0.323591,0.625114,0.000000,0.071066,-0.164923,-0.271116
2.600135,-0.257794,0.478210,1.865509,106.89,0.220000,0.003718,-0.323593,0.640111,0.000000,0.065813,-0.161924,-0.294713
2.700065,-0.263683,0.497053,1.881118,107.78,0.220000,-0.136234,-0.323595,0.655112,0.000000,0.059924,-0.158071,-0.310322
2.800098,-0.269959,0.516278,1.890608,108.32,0.220000,-0.253622,-0.323596,0.670112,0.000000,0.053648,-0.153851,-0.319812
2.900095,-0.276398,0.535609,1.893053,108.46,0.220000,-0.349554,-0.323598,0.685112,0.000000,0.047209,-0.149520,-0.322257
3.000229,-0.282842,0.554858,1.894361,108.54,0.220000,-0.434145,-0.323599,0.700113,0.000000,0.040765,-0.145291,-0.323565
3.100128,-0.289089,0.573559,1.890626,108.32,0.220000,-0.504772,-0.323600,0.715119,0.000000,0.034517,-0.141574,-0.319830
3.200149,-0.295045,0.591770,1.881294,107.79,0.220000,-0.558634,-0.323601,0.730121,0.000000,0.028562,-0.138366,-0.310497
3.300048,-0.298894,0.603932,1.873988,107.37,0.220000,-0.601551,-0.323601,0.745122,0.000000,0.024713,-0.141189,-0.303191
3.400061,-0.306214,0.628108,1.855695,106.32,0.220000,-0.630624,-0.323602,0.760118,0.000000,0.017393,-0.132015,-0.284899
3.500108,-0.309636,0.640029,1.844731,105.70,0.220000,-0.653154,-0.323603,0.775112,0.000000,0.013971,-0.135102,-0.273934
3.600028,-0.314467,0.657836,1.825918,104.62,0.220000,-0.663268,-0.323603,0.790110,0.000000,0.009140,-0.132282,-0.255121
3.700084,-0.318954,0.675786,1.806313,103.49,0.220000,-0.664192,-0.323604,0.805107,0.000000,0.004653,-0.129341,-0.235517
3.800150,-0.323035,0.693494,1.788684,102.48,0.220000,-0.661731,-0.323604,0.820107,0.000000,0.000572,-0.126642,-0.217888
3.900056,-0.326802,0.711247,1.769270,101.37,0.220000,-0.653169,-0.323604,0.835112,0.000000,-0.003195,-0.123876,-0.198474
4.000101,-0.330249,0.729399,1.747829,100.14,0.220000,-0.634948,-0.323605,0.850112,0.000000,-0.006642,-0.120731,-0.177033
4.100201,-0.333264,0.747397,1.726264,98.91,0.220000,-0.608696,-0.323605,0.865114,0.000000,-0.009657,-0.117748,-0.155468
4.200075,-0.335909,0.765478,1.705566,97.72,0.220000,-0.579290,-0.323605,0.880119,0.000000,-0.012302,-0.114647,-0.134770
4.300098,-0.338128,0.783413,1.681769,96.36,0.220000,-0.541652,-0.323605,0.895119,0.000000,-0.014521,-0.111716,-0.110973
4.400126,-0.339920,0.801319,1.659381,95.08,0.220000,-0.500658,-0.323606,0.910117,0.000000,-0.016313,-0.108814,-0.088585
4.500041,-0.340922,0.813604,1.645776,94.30,0.220000,-0.468276,-0.323606,0.925117,0.000000,-0.017316,-0.111516,-0.074980
4.600101,-0.342172,0.832216,1.630237,93.41,0.220000,-0.436439,-0.323606,0.940113,0.000000,-0.018566,-0.107913,-0.059441
4.700139,-0.343156,0.850920,1.616555,92.62,0.220000,-0.406150,-0.323606,0.955112,0.000000,-0.019549,-0.104215,-0.045758
4.800046,-0.343922,0.869913,1.605871,92.01,0.220000,-0.380393,-0.323606,0.970114,0.000000,-0.020315,-0.100208,-0.035075
4.900090,-0.344503,0.889166,1.597060,91.50,0.220000,-0.359409,-0.323606,0.985113,0.000000,-0.020896,-0.095962,-0.026264
5.000122,-0.344942,0.908675,1.589478,91.07,0.220000,-0.341055,-0.323606,1.000112,0.000000,-0.021336,-0.091457,-0.018682
5.100026,-0.345230,0.928188,1.581716,90.63,0.220000,-0.320753,-0.323606,1.015114,0.000000,-0.021623,-0.086930,-0.010920
5.200107,-0.345339,0.941247,1.576760,90.34,0.220000,-0.303337,-0.323606,1.030111,0.000000,-0.021732,-0.088883,-0.005964
5.300115,-0.345391,0.961091,1.570426,89.98,0.220000,-0.285863,-0.323606,1.045111,0.000000,-0.021785,-0.084040,0.000370
5.400039,-0.345312,0.980858,1.563115,89.56,0.220000,-0.264127,-0.323607,1.060113,0.000000,-0.021705,-0.079262,0.007681
5.500074,-0.345085,1.000220,1.554184,89.05,0.220000,-0.237116,-0.323607,1.075111,0.000000,-0.021478,-0.074906,0.016613
5.600042,-0.344676,1.019806,1.546080,88.58,0.220000,-0.208839,-0.323607,1.090110,0.000000,-0.021069,-0.070315,0.024716
5.700018,-0.344124,1.039540,1.540775,88.28,0.220000,-0.183226,-0.323607,1.105107,0.000000,-0.020517,-0.065576,0.030022
5.800086,-0.343509,1.059324,1.539120,88.19,0.220000,-0.165174,-0.323607,1.120104,0.000000,-0.019902,-0.060803,0.031676
5.900108,-0.342838,1.079409,1.536070,88.01,0.220000,-0.145507,-0.323607,1.135104,0.000000,-0.019231,-0.055721,0.034727
6.000085,-0.342145,1.099798,1.537996,88.12,0.220000,-0.134210,-0.323607,1.150109,0.000000,-0.018538,-0.050329,0.032800
6.100206,-0.341487,1.120340,1.540215,88.25,0.220000,-0.124332,-0.323607,1.165111,0.000000,-0.017880,-0.044805,0.030581
6.200142,-0.340897,1.140909,1.544322,88.48,0.220000,-0.116805,-0.323607,1.180117,0.000000,-0.017291,-0.039227,0.026475
6.300049,-0.340544,1.154699,1.546312,88.60,0.220000,-0.113653,-0.323607,1.195121,0.000000,-0.016938,-0.040423,0.024484
6.400106,-0.340074,1.175144,1.548467,88.72,0.220000,-0.108143,-0.323607,1.210117,0.000000,-0.016467,-0.034986,0.022329
6.500139,-0.339632,1.195616,1.548910,88.75,0.220000,-0.099037,-0.323607,1.225115,0.000000,-0.016026,-0.029519,0.021887
6.600049,-0.339189,1.215935,1.549412,88.77,0.220000,-0.088212,-0.323607,1.240116,0.000000,-0.015582,-0.024186,0.021384
6.700104,-0.338763,1.236281,1.550171,88.82,0.185512,-0.076970,-0.323607,1.255113,0.000000,-0.015156,-0.018849,0.020625
6.800034,-0.338387,1.256602,1.554637,89.07,0.149685,-0.068005,-0.323607,1.270113,0.000000,-0.014781,-0.013518,0.016160
6.899999,-0.338099,1.276823,1.558269,89.28,0.121256,-0.059167,-0.323607,1.285109,0.000000,-0.014492,-0.008291,0.012527
7.000070,-0.337909,1.295400,1.559584,89.36,0.100741,-0.049992,-0.323607,1.300103,0.000000,-0.014303,-0.004725,0.011212
7.100132,-0.337715,1.311117,1.555754,89.14,0.092520,-0.037891,-0.323607,1.315102,0.000000,-0.014108,-0.004017,0.015043
7.200091,-0.337495,1.323745,1.550617,88.84,0.099026,-0.028433,-0.323607,1.330107,0.000000,-0.013888,-0.006383,0.020180
7.300089,-0.337257,1.334297,1.546219,88.59,0.116327,-0.023325,-0.323607,1.345111,0.000000,-0.013650,-0.010831,0.024577
7.400118,-0.337090,1.340926,1.545319,88.54,0.150003,-0.028200,-0.323607,1.360112,0.000000,-0.013483,-0.019206,0.025478
7.500055,-0.336799,1.351704,1.542721,88.39,0.174789,-0.031478,-0.323607,1.375115,0.000000,-0.013192,-0.023418,0.028075
7.600099,-0.336422,1.364506,1.540278,88.25,0.189822,-0.031033,-0.323607,1.390113,0.000000,-0.012815,-0.025623,0.030519
7.700119,-0.335919,1.380013,1.536919,88.06,0.192681,-0.024749,-0.323607,1.405113,0.000000,-0.012312,-0.025118,0.033878
7.800043,-0.335274,1.397947,1.533683,87.87,0.183235,-0.014071,-0.323607,1.420115,0.000000,-0.011667,-0.022173,0.037113
7.900087,-0.334555,1.416764,1.531090,87.72,0.167376,-0.001520,-0.323607,1.435112,0.000000,-0.010948,-0.018363,0.039707
8.000102,-0.333802,1.435834,1.530830,87.71,0.148710,0.009271,-0.323607,1.450111,0.000000,-0.010195,-0.014296,0.039967
8.100037,-0.333023,1.453889,1.524601,87.35,0.132763,0.024831,-0.323607,1.465112,0.000000,-0.009417,-0.011231,0.046196
8.200222,-0.332488,1.465139,1.521382,87.17,0.140894,0.035861,-0.323607,1.480110,0.000000,-0.008881,-0.015008,0.049414
8.300142,-0.331697,1.480786,1.520382,87.11,0.141530,0.044797,-0.323607,1.495114,0.000000,-0.008090,-0.014349,0.050414
8.400044,-0.330801,1.499622,1.527297,87.51,0.128004,0.042516,-0.323607,1.510118,0.000000,-0.007194,-0.010499,0.043499
8.500174,-0.330407,1.509105,1.532130,87.78,0.142710,0.036548,-0.323607,1.525115,0.000000,-0.006800,-0.016035,0.038666
8.600147,-0.329903,1.522991,1.538004,88.12,0.150861,0.027726,-0.323607,1.540116,0.000000,-0.006296,-0.017145,0.032793
8.700026,-0.329477,1.537235,1.544435,88.49,0.155788,0.017832,-0.323607,1.555119,0.000000,-0.005870,-0.017883,0.026362
8.800099,-0.329134,1.552088,1.550939,88.86,0.157635,0.007554,-0.323607,1.570115,0.000000,-0.005527,-0.018041,0.019857
8.900135,-0.328861,1.567753,1.554259,89.05,0.072085,2.345998,-0.336754,1.570182,0.000000,0.037537,0.031214,0.016538
9.000051,-0.328601,1.583899,1.553795,89.03,0.052695,0.539288,-0.339453,1.582118,0.000000,-0.004994,-0.016222,0.017001
9.100137,-0.328545,1.596908,1.605979,92.02,0.031265,1.877232,-0.349504,1.586043,0.000000,0.039835,0.031512,-0.035183
9.200170,-0.329252,1.604133,1.729726,99.11,0.031634,2.086628,-0.359011,1.588022,0.000000,0.038800,0.031185,-0.158929
9.300020,-0.330197,1.608665,1.840033,105.43,0.053364,1.455669,-0.367180,1.593548,0.000000,0.043204,0.018581,-0.269236
9.400085,-0.331301,1.611762,1.999067,114.54,0.094655,0.879634,-0.373356,1.601072,0.000000,0.045083,0.014985,-0.428270
9.500108,-0.332573,1.614152,2.114672,121.16,0.168332,0.768676,-0.381586,1.610494,0.000000,0.059523,0.006244,-0.543875
9.600035,-0.336413,1.619458,2.258936,129.43,0.220000,0.671866,-0.392114,1.621439,0.000000,0.068916,-0.000219,-0.688140
9.700092,-0.337884,1.621407,2.357514,135.08,0.220000,0.332057,-0.400849,1.633007,0.000000,0.068700,-0.008867,-0.786718
9.800130,-0.348788,1.631533,2.419364,138.62,0.220000,0.105036,-0.409560,1.645401,0.000000,0.069705,-0.012364,-0.848567
9.900042,-0.362445,1.643055,2.456187,140.73,0.220000,-0.136472,-0.417726,1.658450,0.000000,0.062696,-0.014237,-0.885390
10.000088,-0.377571,1.655143,2.475067,141.81,0.220000,-0.454411,-0.425603,1.674709,0.000000,0.055607,-0.026281,-0.904271
10.100242,-0.393147,1.667274,2.482268,142.22,0.220000,-0.818954,-0.431778,1.693642,0.000000,0.041941,-0.034748,-0.911472
10.200017,-0.409018,1.679518,2.484757,142.37,0.220000,-1.101675,-0.437227,1.715642,0.000000,0.032582,-0.051203,-0.913961
10.300101,-0.424072,1.691248,2.470159,141.53,0.220000,-1.311420,-0.441732,1.737642,0.000000,0.020687,-0.070505,-0.899363
10.400137,-0.437522,1.702268,2.436927,139.63,0.220000,-1.598804,-0.443688,1.759642,0.000000,0.003753,-0.084231,-0.866131
10.500043,-0.449421,1.712881,2.387044,136.77,0.220000,-1.899627,-0.442662,1.781642,0.000000,-0.012883,-0.099704,-0.816247
10.600002,-0.452726,1.716194,2.324483,133.18,0.220000,-2.350787,-0.436446,1.803642,0.000000,-0.031520,-0.121142,-0.753687
10.700109,-0.462089,1.726899,2.250979,128.97,0.220000,-2.454754,-0.430128,1.825642,0.000000,-0.038002,-0.129546,-0.680182
10.800063,-0.469384,1.736798,2.155900,123.52,0.220000,-2.237204,-0.427773,1.847642,0.000000,-0.039279,-0.152538,-0.585103
10.900075,-0.475091,1.746474,2.048958,117.40,0.220000,-2.335011,-0.423418,1.869642,0.000000,-0.059312,-0.159101,-0.478162
11.000075,-0.479793,1.756898,1.941836,111.26,0.220000,-2.523350,-0.415077,1.891642,0.000000,-0.079909,-0.168919,-0.371040
11.100035,-0.482294,1.764040,1.874205,107.38,0.220000,-2.407968,-0.408212,1.913642,0.000000,-0.079395,-0.180038,-0.303409
11.200109,-0.484282,1.771262,1.804526,103.39,0.220000,-2.351214,-0.401001,1.935642,0.000000,-0.090841,-0.185950,-0.233729
11.300121,-0.486537,1.785371,1.651927,94.65,0.220000,-2.766409,-0.379001,1.957642,0.000000,-0.162930,-0.159762,-0.081131
11.400056,-0.486807,1.796195,1.540543,88.27,0.220000,-2.047592,-0.370308,1.979642,0.000000,-0.104912,-0.196826,0.030254
11.500100,-0.485883,1.806984,1.427639,81.80,0.220000,-2.144335,-0.353708,1.996839,0.000000,-0.162276,-0.168145,0.143157
11.600155,-0.483678,1.817740,1.315012,75.34,0.220000,-2.088544,-0.338157,2.005918,0.000000,-0.160072,-0.172398,0.255784
11.700031,-0.481457,1.825211,1.248509,71.53,0.220000,-0.363166,-0.347020,2.026107,0.000000,-0.095370,-0.225679,0.322287
11.800080,-0.475252,1.840437,1.121829,64.28,0.220000,-0.487645,-0.344832,2.036499,0.000000,-0.151645,-0.179690,0.448967
11.900106,-0.468026,1.854422,1.075224,61.61,0.220000,-0.660745,-0.337916,2.044556,0.000000,-0.144419,-0.180708,0.495572
12.000030,-0.459068,1.870495,1.052761,60.32,0.220000,-0.469706,-0.330575,2.053894,0.000000,-0.135461,-0.179624,0.518035
12.100118,-0.452720,1.881502,1.043160,59.77,0.220000,-0.130716,-0.325817,2.065321,0.000000,-0.129114,-0.183630,0.527636
12.200140,-0.443090,1.897683,1.024770,58.71,0.220000,0.169294,-0.323438,2.078040,0.000000,-0.119483,-0.182452,0.546026
12.300055,-0.432906,1.914211,1.013617,58.08,0.220000,0.413206,-0.322660,2.092141,0.000000,-0.109299,-0.180911,0.557179
12.400107,-0.422248,1.931278,1.012814,58.03,0.220000,0.590907,-0.322709,2.107275,0.000000,-0.098641,-0.178852,0.557983
12.500119,-0.411453,1.948708,1.021067,58.50,0.220000,0.716794,-0.323040,2.122974,0.000000,-0.087846,-0.176424,0.549729
12.600047,-0.401179,1.965655,1.032536,59.16,0.220000,0.807415,-0.323318,2.138843,0.000000,-0.077572,-0.174466,0.538260
12.700171,-0.391754,1.981841,1.057051,60.56,0.220000,0.859353,-0.323500,2.154555,0.000000,-0.068148,-0.173299,0.513746
12.800138,-0.383089,1.997785,1.089919,62.45,0.220000,0.873801,-0.323592,2.169987,0.000000,-0.059482,-0.172350,0.480877
12.900053,-0.375038,2.013907,1.125429,64.48,0.220000,0.861818,-0.323619,2.185234,0.000000,-0.051432,-0.171215,0.445367
13.000101,-0.367811,2.029722,1.160123,66.47,0.220000,0.836249,-0.323610,2.200379,0.000000,-0.044205,-0.170407,0.410673
13.100152,-0.361076,2.045971,1.196613,68.56,0.220000,0.799713,-0.323588,2.215465,0.000000,-0.037469,-0.169166,0.374184
13.200050,-0.354952,2.062434,1.233986,70.70,0.220000,0.755720,-0.323570,2.230515,0.000000,-0.031346,-0.167687,0.336810
13.300103,-0.349404,2.079153,1.268711,72.69,0.220000,0.709195,-0.323564,2.245534,0.000000,-0.025797,-0.165977,0.302085
13.400203,-0.344448,2.096031,1.303439,74.68,0.220000,0.657402,-0.323566,2.260533,0.000000,-0.020841,-0.164114,0.267358
13.500054,-0.339986,2.113490,1.337538,76.64,0.220000,0.601036,-0.323570,2.275516,0.000000,-0.016379,-0.161632,0.233259
13.600176,-0.337400,2.124868,1.356563,77.73,0.220000,0.561544,-0.323574,2.290485,0.000000,-0.013793,-0.165272,0.214233
13.700138,-0.333819,2.142659,1.385375,79.38,0.220000,0.514774,-0.323578,2.305447,0.000000,-0.010213,-0.162476,0.185422
13.800102,-0.330583,2.161286,1.410467,80.81,0.220000,0.469086,-0.323582,2.320405,0.000000,-0.006976,-0.158843,0.160329
13.900102,-0.327724,2.180257,1.431732,82.03,0.220000,0.428540,-0.323586,2.335359,0.000000,-0.004117,-0.154872,0.139064
14.000191,-0.325294,2.199033,1.453642,83.29,0.220000,0.387062,-0.323588,2.350314,0.000000,-0.001687,-0.151110,0.117154
14.100015,-0.323271,2.218136,1.476864,84.62,0.220000,0.340682,-0.323591,2.365272,0.000000,0.000336,-0.146980,0.093932
14.200099,-0.322131,2.231147,1.489922,85.37,0.220000,0.305053,-0.323593,2.380230,0.000000,0.001476,-0.148982,0.080875
14.300147,-0.320714,2.250508,1.505459,86.26,0.220000,0.270928,-0.323595,2.395194,0.000000,0.002893,-0.144628,0.065338
14.400053,-0.319220,2.277169,1.523641,87.30,0.220000,0.233197,-0.323596,2.410165,0.000000,0.004387,-0.132954,0.047156
14.500097,-0.318627,2.290671,1.529991,87.66,0.220000,0.209026,-0.323597,2.425141,0.000000,0.004980,-0.134457,0.040805
14.600130,-0.317679,2.317889,1.541756,88.34,0.220000,0.183770,-0.323599,2.440124,0.000000,0.005928,-0.122245,0.029040
14.700042,-0.317333,2.331274,1.548074,88.70,0.220000,0.164170,-0.323600,2.455117,0.000000,0.006273,-0.123847,0.022722
14.800095,-0.316961,2.351443,1.556604,89.19,0.220000,0.143656,-0.323600,2.470111,0.000000,0.006646,-0.118685,0.014192
14.900131,-0.316730,2.371766,1.561319,89.46,0.220000,0.128064,-0.323601,2.485109,0.000000,0.006877,-0.413368,0.009451
15.000043,-0.316593,2.392394,1.566916,89.78,0.220000,0.112697,-0.323602,2.507109,0.000000,0.006865,-0.407666,-0.016048
15.100022,-0.316574,2.412895,1.572442,90.09,0.220000,0.088287,-0.323476,2.529109,0.000000,0.006442,-0.401974,-0.041330
15.200128,-0.316660,2.433194,1.577869,90.41,0.220000,0.052966,-0.323100,2.551109,0.000000,0.005628,-0.396373,-0.066379
15.300040,-0.316830,2.453872,1.581677,90.62,0.220000,0.010419,-0.322395,2.573109,0.000000,0.004454,-0.390229,-0.089612
15.400102,-0.317116,2.474498,1.587316,90.95,0.220000,-0.041446,-0.321327,2.595109,0.000000,0.002890,-0.384018,-0.114546
15.500105,-0.317494,2.495098,1.591468,91.18,0.220000,-0.097403,-0.319903,2.617109,0.000000,0.000972,-0.377681,-0.137826
15.600073,-0.317965,2.515872,1.595606,91.42,0.220000,-0.156778,-0.318147,2.639109,0.000000,-0.001295,-0.371016,-0.160929
15.700104,-0.318497,2.536089,1.598275,91.57,0.220000,-0.216607,-0.316092,2.661109,0.000000,-0.003875,-0.364768,-0.182422
15.800111,-0.318868,2.549448,1.598750,91.60,0.220000,-0.271862,-0.313768,2.683109,0.000000,-0.006536,-0.365221,-0.201564
15.900042,-0.319419,2.569435,1.597863,91.55,0.220000,-0.325696,-0.311197,2.705109,0.000000,-0.009610,-0.358879,-0.219181
16.000150,-0.319964,2.589347,1.598345,91.58,0.220000,-0.382162,-0.308395,2.727109,0.000000,-0.012913,-0.352480,-0.238052
16.100191,-0.320500,2.609184,1.596236,91.46,0.220000,-0.436648,-0.305372,2.749109,0.000000,-0.016428,-0.345989,-0.254173
16.200134,-0.320932,2.628719,1.589329,91.06,0.220000,-0.463117,-0.302440,2.771109,0.000000,-0.020052,-0.339626,-0.265338
16.300087,-0.321225,2.648231,1.581949,90.64,0.220000,-0.501096,-0.299280,2.793109,0.000000,-0.023748,-0.333127,-0.275894
16.400195,-0.321353,2.667745,1.571673,90.05,0.220000,-0.538263,-0.295788,2.815109,0.000000,-0.027489,-0.326486,-0.283444
16.500017,-0.321246,2.686728,1.558199,89.28,0.220000,-0.567103,-0.291957,2.837109,0.000000,-0.031184,-0.320179,-0.287615
16.600156,-0.320867,2.705707,1.543991,88.46,0.220000,-0.587716,-0.287825,2.859109,0.000000,-0.034813,-0.313754,-0.290980
16.700222,-0.320205,2.724678,1.527466,87.52,0.220000,-0.597617,-0.283444,2.881109,0.000000,-0.038344,-0.307168,-0.291889
16.800092,-0.319230,2.743002,1.507082,86.35,0.220000,-0.586804,-0.278864,2.903109,0.000000,-0.041739,-0.301045,-0.288786
16.900142,-0.318366,2.755044,1.490558,85.40,0.220000,-0.570604,-0.274125,2.925109,0.000000,-0.045431,-0.301068,-0.289457
17.000148,-0.316705,2.773090,1.467705,84.09,0.220000,-0.540648,-0.269248,2.947109,0.000000,-0.048500,-0.294924,-0.283680
17.100099,-0.314650,2.791197,1.448084,82.97,0.220000,-0.507903,-0.264240,2.969109,0.000000,-0.051342,-0.288557,-0.281020
17.200138,-0.312191,2.809611,1.427804,81.81,0.220000,-0.470472,-0.259101,2.991109,0.000000,-0.053952,-0.281737,-0.277613
17.300188,-0.309423,2.827675,1.409808,80.78,0.220000,-0.433142,-0.253825,3.013109,0.000000,-0.056419,-0.275117,-0.276395
17.400048,-0.306220,2.846411,1.394968,79.93,0.220000,-0.400802,-0.248406,3.035109,0.000000,-0.058601,-0.267652,-0.278209
17.500072,-0.302792,2.865031,1.383698,79.28,0.220000,-0.376759,-0.242839,3.057109,0.000000,-0.060725,-0.260172,-0.283535
17.600113,-0.299070,2.883929,1.370045,78.50,0.220000,-0.350612,-0.237123,3.079109,0.000000,-0.062711,-0.252268,-0.286400
17.700071,-0.295126,2.902808,1.361039,77.98,0.220000,-0.332165,-0.231256,3.101109,0.000000,-0.064624,-0.244229,-0.293822
17.800095,-0.290967,2.922107,1.356625,77.73,0.220000,-0.327733,-0.225238,3.123109,0.000000,-0.066477,-0.235634,-0.305778
17.900099,-0.286721,2.941361,1.350306,77.37,0.220000,-0.325028,-0.219070,3.145109,0.000000,-0.068392,-0.226941,-0.315762
18.000027,-0.282384,2.960258,1.340010,76.78,0.220000,-0.311985,-0.212754,3.167109,0.000000,-0.070360,-0.218458,-0.321697
18.100136,-0.279422,2.972692,1.333664,76.41,0.220000,-0.300988,-0.206292,3.189109,0.000000,-0.073861,-0.216321,-0.331561
18.200227,-0.274810,2.991445,1.324884,75.91,0.220000,-0.291086,-0.199684,3.210869,0.000000,-0.075858,-0.207727,-0.338941
18.300150,-0.270048,3.010083,1.315880,75.39,0.220000,-0.531620,-0.192930,3.221706,0.000000,-0.077841,-0.199100,-0.346032
18.400113,-0.265137,3.028681,1.309573,75.03,0.220000,-0.797871,-0.186030,3.228091,0.000000,-0.079824,-0.190385,-0.355792
18.500136,-0.259997,3.047768,1.304405,74.74,0.220000,-0.905725,-0.178986,3.233850,0.000000,-0.081726,-0.181059,-0.366673
18.600125,-0.254884,3.066102,1.290607,73.95,0.220000,-0.891445,-0.171798,3.240564,0.000000,-0.083800,-0.172356,-0.368898
18.700103,-0.249756,3.083114,1.264861,72.47,0.220000,-0.837453,-0.164465,3.248456,0.000000,-0.086006,-0.164850,-0.359158
18.800202,-0.244241,3.099577,1.230670,70.51,0.220000,-0.775833,-0.156985,3.257278,0.000000,-0.087980,-0.157780,-0.340986
18.900193,-0.238140,3.115994,1.199998,68.75,0.220000,-0.727609,-0.149359,3.266628,0.000000,-0.089508,-0.150624,-0.326313
19.000182,-0.231496,3.132391,1.171802,67.14,0.220000,-0.697119,-0.141583,3.276132,0.000000,-0.090643,-0.143367,-0.314120
19.100152,-0.224398,3.148624,1.145329,65.62,0.220000,-0.689759,-0.133657,3.285448,0.000000,-0.091474,-0.136153,-0.303658
19.200037,-0.219409,3.159368,1.126016,64.52,0.220000,-0.694309,-0.125580,3.294477,0.000000,-0.094558,-0.134303,-0.300361
19.300188,-0.211509,3.175424,1.100897,63.08,0.220000,-0.694879,-0.117352,3.303275,0.000000,-0.094907,-0.127046,-0.291324
19.400204,-0.203312,3.191102,1.076783,61.70,0.220000,-0.693660,-0.108969,3.311900,0.000000,-0.095104,-0.120037,-0.283299
19.500139,-0.194710,3.206591,1.050853,60.21,0.220000,-0.687644,-0.100428,3.320390,0.000000,-0.095048,-0.113094,-0.273483
19.600179,-0.185593,3.222018,1.022495,58.58,0.220000,-0.675037,-0.091728,3.328766,0.000000,-0.094645,-0.106104,-0.261297
19.700135,-0.176052,3.237216,0.998181,57.19,0.220000,-0.665670,-0.082867,3.337039,0.000000,-0.093973,-0.099220,-0.253191
19.800116,-0.166065,3.252338,0.975798,55.91,0.220000,-0.661237,-0.073843,3.345207,0.000000,-0.093021,-0.092296,-0.247076
19.900179,-0.155515,3.267567,0.954083,54.66,0.220000,-0.660705,-0.064653,3.353268,0.000000,-0.091679,-0.085153,-0.241702
20.000137,-0.144832,3.282268,0.931238,53.36,0.220000,-0.660202,-0.055294,3.361218,0.000000,-0.090365,-0.078410,-0.235247
20.100032,-0.137474,3.291999,0.916395,52.51,0.220000,-0.668142,-0.045764,3.369054,0.000000,-0.092541,-0.076512,-0.236856
20.200082,-0.126214,3.306360,0.895198,51.29,0.220000,-0.674745,-0.036062,3.376770,0.000000,-0.091004,-0.069874,-0.232214
20.300117,-0.114672,3.320462,0.874513,50.11,0.220000,-0.681388,-0.026184,3.384365,0.000000,-0.089360,-0.063369,-0.228167
20.400088,-0.102794,3.334349,0.851345,48.78,0.220000,-0.684515,-0.016127,3.391836,0.000000,-0.087552,-0.056948,-0.221713
20.500123,-0.090617,3.347907,0.827364,47.40,0.220000,-0.684459,-0.005889,3.399182,0.000000,-0.085633,-0.050733,-0.214553
20.600160,-0.078116,3.361166,0.802133,45.96,0.220000,-0.680859,0.004534,3.406399,0.000000,-0.083573,-0.044684,-0.206241
20.700088,-0.065499,3.373891,0.776030,44.46,0.220000,-0.673951,0.015143,3.413484,0.000000,-0.081573,-0.039027,-0.197143
20.800072,-0.052588,3.386207,0.747573,42.83,0.220000,-0.661880,0.025941,3.420433,0.000000,-0.079471,-0.033645,-0.185809
20.900102,-0.039214,3.398248,0.719754,41.24,0.220000,-0.647306,0.036928,3.427241,0.000000,-0.077102,-0.028399,-0.175236
21.000035,-0.025408,3.410065,0.697261,39.95,0.220000,-0.637267,0.048108,3.433905,0.000000,-0.074483,-0.023224,-0.170089
21.100120,-0.011490,3.421472,0.677220,38.80,0.220000,-0.632167,0.059481,3.440420,0.000000,-0.071962,-0.018319,-0.167543
21.200211,0.002856,3.432710,0.653789,37.46,0.220000,-0.625441,0.071051,3.446781,0.000000,-0.069209,-0.013427,-0.161735
21.300044,0.017465,3.443646,0.633382,36.29,0.220000,-0.620736,0.082820,3.452986,0.000000,-0.066359,-0.008662,-0.159034
21.400104,0.032559,3.454520,0.615332,35.26,0.220000,-0.619038,0.094787,3.459026,0.000000,-0.063249,-0.003806,-0.158865
21.500145,0.042636,3.461531,0.600738,34.42,0.220000,-0.628402,0.106953,3.464897,0.000000,-0.065354,-0.002641,-0.162286
21.600038,0.057877,3.471749,0.579914,33.23,0.220000,-0.631836,0.119321,3.470593,0.000000,-0.062474,0.001918,-0.159590
21.700108,0.073564,3.481797,0.558054,31.97,0.220000,-0.630357,0.131889,3.476106,0.000000,-0.059370,0.006478,-0.156033
21.800130,0.089565,3.491531,0.536184,30.72,0.220000,-0.625464,0.144657,3.481431,0.000000,-0.056147,0.010919,-0.152604
21.900029,0.105337,3.500659,0.512532,29.37,0.220000,-0.617470,0.157628,3.486562,0.000000,-0.053335,0.014956,-0.147518
22.000107,0.121231,3.509366,0.487516,27.93,0.220000,-0.606466,0.170798,3.491491,0.000000,-0.050624,0.018766,-0.141254
22.100156,0.137072,3.517524,0.463508,26.56,0.220000,-0.594886,0.184169,3.496211,0.000000,-0.048160,0.022240,-0.136143
22.200089,0.153643,3.525581,0.442199,25.34,0.220000,-0.573926,0.196962,3.500525,0.000000,-0.045146,0.025836,-0.133865
22.300101,0.170219,3.533212,0.420709,24.10,0.220000,-0.551067,0.210019,3.504727,0.000000,-0.042333,0.029230,-0.131577
22.400210,0.187280,3.540630,0.399841,22.91,0.213056,-0.529983,0.223597,3.508863,0.000000,-0.039242,0.032638,-0.130086
22.500042,0.204417,3.547671,0.380353,21.79,0.186527,-0.515639,0.237713,3.512868,0.000000,-0.036226,0.035923,-0.130080
22.600182,0.222093,3.554591,0.366179,20.98,0.168921,-0.509070,0.252266,3.516658,0.000000,-0.032900,0.039325,-0.135608
22.700136,0.233602,3.558934,0.356203,20.41,0.177844,-0.531071,0.267127,3.520165,0.000000,-0.035899,0.040413,-0.145457
22.800024,0.250424,3.564884,0.323004,18.51,0.178940,-0.536756,0.282187,3.523350,0.000000,-0.033755,0.043377,-0.132230
22.900069,0.266624,3.569980,0.285756,16.37,0.180808,-0.533099,0.297376,3.526197,0.000000,-0.032430,0.045756,-0.115144
23.000105,0.283125,3.574500,0.249224,14.28,0.182027,-0.521137,0.312663,3.528701,0.000000,-0.030973,0.047840,-0.098933
23.100027,0.300101,3.578492,0.212356,12.17,0.182245,-0.503562,0.328045,3.530859,0.000000,-0.029190,0.049690,-0.082521
23.200085,0.311313,3.580764,0.187315,10.73,0.201639,-0.514252,0.343530,3.532680,0.000000,-0.033349,0.050117,-0.078124
23.300142,0.333858,3.584504,0.141192,8.09,0.189616,-0.479414,0.359132,3.534179,0.000000,-0.026328,0.052318,-0.052800
23.400062,0.351187,3.586674,0.118571,6.79,0.184251,-0.459999,0.374862,3.535364,0.000000,-0.024647,0.053266,-0.051108
23.500113,0.363023,3.587866,0.091340,5.23,0.202082,-0.460547,0.390726,3.536236,0.000000,-0.028618,0.053557,-0.044987
23.600148,0.380712,3.589235,0.063537,3.64,0.207043,-0.459166,0.406727,3.536791,0.000000,-0.026863,0.054357,-0.038444
23.700051,0.398433,3.590108,0.036296,2.08,0.208066,-0.451935,0.422859,3.537022,0.000000,-0.025177,0.054999,-0.032586
23.800106,0.417005,3.590577,0.014474,0.83,0.204195,-0.444510,0.439108,3.536918,0.000000,-0.022777,0.055583,-0.032326
23.900136,0.436013,3.590704,-0.000430,-0.02,0.197066,-0.440029,0.455458,3.536470,0.000000,-0.020041,0.056176,-0.039127
24.000086,0.455173,3.590608,-0.010659,-0.61,0.188198,-0.440381,0.471896,3.535668,0.000000,-0.017233,0.056907,-0.050729
24.100132,0.474076,3.590255,-0.027607,-1.58,0.181163,-0.440613,0.488410,3.534504,0.000000,-0.014780,0.057747,-0.055773
24.200150,0.492540,3.589565,-0.048044,-2.75,0.177151,-0.440750,0.504989,3.532971,0.000000,-0.012834,0.058621,-0.057460
24.300107,0.510655,3.588481,-0.071218,-4.08,0.176046,-0.440961,0.521624,3.531062,0.000000,-0.011289,0.059478,-0.056529
24.400119,0.528408,3.586966,-0.100071,-5.73,0.178628,-0.439815,0.538305,3.528770,0.000000,-0.010162,0.060289,-0.050062
24.500134,0.545626,3.584938,-0.134586,-7.71,0.184563,-0.431507,0.555022,3.526091,0.000000,-0.009610,0.060973,-0.038061
24.600129,0.562614,3.582339,-0.169464,-9.71,0.192388,-0.422234,0.571764,3.523019,0.000000,-0.009309,0.061480,-0.025815
24.699997,0.579653,3.579140,-0.201711,-11.56,0.200124,-0.415480,0.588519,3.519549,0.000000,-0.008948,0.061776,-0.016288
24.800092,0.597104,3.575297,-0.230712,-13.22,0.205668,-0.411484,0.605264,3.515679,0.000000,-0.008212,0.061838,-0.010175
24.900031,0.614570,3.570962,-0.253897,-14.55,0.209475,-0.412672,0.621987,3.511405,0.000000,-0.007420,0.061802,-0.009950
25.000106,0.626403,3.567795,-0.269548,-15.44,0.220000,-0.438196,0.638677,3.506724,0.000000,-0.012256,0.063345,-0.017395
25.100167,0.644554,3.562592,-0.286981,-16.44,0.220000,-0.454998,0.655330,3.501634,0.000000,-0.010730,0.063259,-0.023154
25.200056,0.663279,3.556920,-0.299985,-17.19,0.220000,-0.468525,0.671934,3.496133,0.000000,-0.008545,0.063100,-0.033397
25.300112,0.681699,3.551121,-0.310519,-17.79,0.220000,-0.483336,0.688472,3.490221,0.000000,-0.006622,0.063231,-0.046239
25.400135,0.699953,3.545132,-0.322921,-18.50,0.220000,-0.499111,0.704930,3.483899,0.000000,-0.004777,0.063577,-0.057288
25.500058,0.718033,3.538945,-0.336492,-19.28,0.220000,-0.515765,0.721294,3.477167,0.000000,-0.002989,0.064125,-0.067223
25.600115,0.736099,3.532487,-0.350395,-20.08,0.220000,-0.533191,0.737547,3.470026,0.000000,-0.001124,0.064816,-0.076932
25.700037,0.753875,3.525827,-0.367193,-21.04,0.220000,-0.550484,0.753675,3.462480,0.000000,0.000601,0.065696,-0.083780
25.800082,0.771269,3.518949,-0.385468,-22.09,0.220000,-0.568780,0.769662,3.454530,0.000000,0.002066,0.066766,-0.089241
25.900196,0.788652,3.511709,-0.404206,-23.16,0.220000,-0.586991,0.785496,3.446181,0.000000,0.003666,0.067875,-0.094311
26.000120,0.805424,3.504326,-0.426028,-24.41,0.220000,-0.582147,0.800468,3.438065,0.000000,0.004856,0.069218,-0.096301
26.100090,0.816421,3.499224,-0.442595,-25.36,0.220000,-0.614773,0.815449,3.429540,0.000000,0.000448,0.073229,-0.103600
26.200124,0.832884,3.491176,-0.466709,-26.74,0.220000,-0.645662,0.830628,3.420356,0.000000,0.001696,0.074682,-0.103404
26.300144,0.849261,3.482787,-0.481385,-27.58,0.220000,-0.679318,0.845958,3.410512,0.000000,0.003072,0.076166,-0.112673
26.400133,0.865856,3.473887,-0.504720,-28.92,0.220000,-0.707105,0.861283,3.400108,0.000000,0.004896,0.077503,-0.113301
26.500104,0.881655,3.464908,-0.529223,-30.32,0.220000,-0.735496,0.876405,3.389252,0.000000,0.006166,0.079118,-0.112773
26.600186,0.897248,3.455526,-0.553156,-31.69,0.220000,-0.763867,0.891216,3.378021,0.000000,0.007465,0.080692,-0.112854
26.700092,0.912755,3.445716,-0.576115,-33.01,0.220000,-0.793045,0.905663,3.366448,0.000000,0.008967,0.082161,-0.113872
26.800184,0.927690,3.435721,-0.603986,-34.61,0.220000,-0.819561,0.919729,3.354560,0.000000,0.010146,0.083799,-0.110021
26.900193,0.942343,3.425319,-0.631565,-36.19,0.220000,-0.843444,0.933417,3.342375,0.000000,0.011343,0.085343,-0.106435
27.000125,0.956585,3.414569,-0.661511,-37.90,0.220000,-0.863229,0.946733,3.329908,0.000000,0.012436,0.086842,-0.100449
27.100085,0.970269,3.403557,-0.693591,-39.74,0.220000,-0.876468,0.959684,3.317171,0.000000,0.013277,0.088383,-0.092316
27.200137,0.983412,3.392250,-0.726960,-41.65,0.220000,-0.883434,0.972271,3.304172,0.000000,0.013881,0.089930,-0.082888
27.300126,0.991896,3.384501,-0.752751,-43.13,0.220000,-0.908390,0.984492,3.290919,0.000000,0.010164,0.095305,-0.080991
27.400166,1.004032,3.372693,-0.790664,-45.30,0.220000,-0.914419,0.996342,3.277416,0.000000,0.010429,0.096894,-0.066945
27.500203,1.015865,3.360266,-0.828470,-47.47,0.220000,-0.908597,1.007812,3.263673,0.000000,0.010734,0.098115,-0.052960
27.600117,1.027112,3.347575,-0.862899,-49.44,0.220000,-0.897017,1.018909,3.249698,0.000000,0.010821,0.099297,-0.042271
27.700181,1.038035,3.334340,-0.898689,-51.49,0.220000,-0.877359,1.029640,3.235502,0.000000,0.010925,0.100183,-0.030199
27.800211,1.048490,3.320702,-0.934617,-53.55,0.220000,-0.850262,1.040014,3.221096,0.000000,0.010932,0.100873,-0.017918
27.900141,1.058424,3.306741,-0.969396,-55.54,0.220000,-0.817854,1.050031,3.206491,0.000000,0.010796,0.101427,-0.006692
28.000171,1.068207,3.291970,-1.002288,-57.43,0.220000,-0.781820,1.059687,3.191702,0.000000,0.010877,0.101371,0.002697
28.100212,1.077488,3.276909,-1.034912,-59.30,0.220000,-0.742413,1.068977,3.176741,0.000000,0.010833,0.101199,0.011897
28.200099,1.086238,3.261649,-1.065091,-61.03,0.220000,-0.702641,1.077894,3.161621,0.000000,0.010656,0.100963,0.018773
28.300113,1.094617,3.245953,-1.095529,-62.77,0.220000,-0.660711,1.086433,3.146357,0.000000,0.010483,0.100455,0.025971
28.400163,1.102686,3.229726,-1.122169,-64.30,0.220000,-0.620887,1.094588,3.130965,0.000000,0.010385,0.099552,0.029459
28.500094,1.107910,3.218618,-1.139356,-65.28,0.220000,-0.598274,1.102356,3.115455,0.000000,0.007842,0.103865,0.023622
28.600146,1.115314,3.202022,-1.163106,-66.64,0.220000,-0.570854,1.109735,3.099844,0.000000,0.007860,0.102812,0.024427
28.700166,1.122212,3.185455,-1.188939,-68.12,0.220000,-0.537801,1.116722,3.084144,0.000000,0.007766,0.101872,0.027434
28.800072,1.128813,3.168388,-1.213157,-69.51,0.220000,-0.503230,1.123319,3.068368,0.000000,0.007775,0.100489,0.028967
28.900125,1.135025,3.151202,-1.234737,-70.75,0.220000,-0.471120,1.129524,3.052534,0.000000,0.007773,0.099072,0.027949
29.000150,1.141026,3.133540,-1.251820,-71.72,0.220000,-0.448397,1.135339,3.036654,0.000000,0.007953,0.097222,0.022563
29.100060,1.146791,3.115507,-1.270731,-72.81,0.220000,-0.426989,1.140765,3.020739,0.000000,0.008289,0.095020,0.019161
29.200154,1.152295,3.097314,-1.282550,-73.48,0.220000,-0.419770,1.145804,3.004807,0.000000,0.008739,0.092708,0.008756
29.300176,1.157690,3.078718,-1.293708,-74.12,0.220000,-0.416669,1.150460,2.988866,0.000000,0.009464,0.089994,-0.002157
29.400093,1.162948,3.059794,-1.306022,-74.83,0.220000,-0.415657,1.154735,2.972929,0.000000,0.010434,0.086933,-0.011754
29.500141,1.167874,3.041199,-1.316777,-75.45,0.220000,-0.418765,1.158634,2.957014,0.000000,0.011441,0.084209,-0.022796
29.600181,1.172714,3.022164,-1.327013,-76.03,0.220000,-0.425620,1.162162,2.941128,0.000000,0.012731,0.081019,-0.034211
29.700096,1.175797,3.009603,-1.334405,-76.46,0.220000,-0.442677,1.165322,2.925280,0.000000,0.012632,0.084248,-0.048296
29.800174,1.180159,2.990973,-1.346929,-77.17,0.220000,-0.456335,1.168120,2.909482,0.000000,0.014167,0.081387,-0.057135
29.900092,1.184198,2.972580,-1.362766,-78.08,0.220000,-0.465098,1.170562,2.893740,0.000000,0.015736,0.078684,-0.062474
30.000101,1.187961,2.954155,-1.376405,-78.86,0.220000,-0.474347,1.172654,2.878065,0.000000,0.017374,0.075896,-0.069877
30.100156,1.191518,2.935250,-1.392832,-79.80,0.220000,-0.480724,1.174402,2.862463,0.000000,0.019148,0.072562,-0.074347
30.200218,1.194693,2.916843,-1.407262,-80.63,0.220000,-0.488517,1.175812,2.846943,0.000000,0.020874,0.069643,-0.080659
30.300062,1.197638,2.898039,-1.422861,-81.52,0.220000,-0.495692,1.176892,2.831513,0.000000,0.022701,0.066202,-0.085598
30.400126,1.200359,2.878843,-1.436714,-82.32,0.220000,-0.504244,1.177649,2.816183,0.000000,0.024624,0.062303,-0.092170
30.500166,1.202767,2.859937,-1.451827,-83.18,0.220000,-0.512528,1.178089,2.800961,0.000000,0.026549,0.058585,-0.097317
30.600076,1.204864,2.841070,-1.468404,-84.13,0.220000,-0.519073,1.178220,2.785853,0.000000,0.028471,0.054773,-0.100815
30.700068,1.206114,2.828375,-1.477919,-84.68,0.220000,-0.538506,1.178049,2.770867,0.000000,0.029721,0.057077,-0.092877
30.800139,1.207745,2.809488,-1.489831,-85.36,0.220000,-0.543757,1.177699,2.755965,0.000000,0.031352,0.053200,-0.080966
30.900055,1.209152,2.790582,-1.504267,-86.19,0.220000,-0.529865,1.177305,2.741093,0.000000,0.032759,0.049282,-0.066529
31.000123,1.210249,2.772012,-1.521302,-87.16,0.220000,-0.495551,1.176954,2.726204,0.000000,0.033856,0.045722,-0.049494
31.100065,1.210981,2.753550,-1.541122,-88.30,0.220000,-0.447080,1.176682,2.711275,0.000000,0.034587,0.042251,-0.029674
31.200046,1.211362,2.734925,-1.559518,-89.35,0.220000,-0.394654,1.176500,2.696314,0.000000,0.034968,0.038623,-0.011278
31.300149,1.211394,2.716120,-1.578970,-90.47,0.220000,-0.339011,1.176396,2.681329,0.000000,0.035000,0.034833,0.008174
31.400171,1.211081,2.697291,-1.594265,-91.34,0.220000,-0.285457,1.176351,2.666326,0.000000,0.034688,0.031008,0.023469
31.500084,1.210535,2.677759,-1.601671,-91.77,0.220000,-0.239007,1.176344,2.651314,0.000000,0.034142,0.026463,0.030875
31.600164,1.209889,2.657926,-1.604358,-91.92,0.218195,-0.203148,1.176357,2.636308,0.000000,0.033496,0.021642,0.033561
31.700230,1.209204,2.637740,-1.606788,-92.06,0.175903,-0.172446,1.176376,2.621303,0.000000,0.032811,0.016466,0.035992
31.800056,1.208738,2.624536,-1.605494,-91.99,0.168719,-0.153977,1.176390,2.606295,0.000000,0.032344,0.018236,0.034698
31.900148,1.208084,2.604881,-1.604759,-91.95,0.150630,-0.137474,1.176396,2.591296,0.000000,0.031691,0.013594,0.033962
32.000174,1.207340,2.586267,-1.618536,-92.74,0.133645,-0.104834,1.176398,2.576298,0.000000,0.030947,0.009985,0.047740
32.100169,1.206386,2.569336,-1.635138,-93.69,0.122865,-0.068247,1.176398,2.561298,0.000000,0.029993,0.008053,0.064342
32.200154,1.205325,2.554212,-1.646261,-94.32,0.119594,-0.036761,1.176397,2.546297,0.000000,0.028932,0.007927,0.075464
32.300125,1.204187,2.540287,-1.657782,-94.98,0.123078,-0.009681,1.176396,2.531299,0.000000,0.027793,0.008998,0.086986
32.400045,1.203035,2.527863,-1.668569,-95.60,0.133054,0.012798,1.176396,2.516302,0.000000,0.026642,0.011561,0.097772
32.500078,1.201773,2.515601,-1.676631,-96.06,0.145298,0.031454,1.176396,2.501308,0.000000,0.025380,0.014304,0.105835
32.600113,1.200390,2.502690,-1.677793,-96.13,0.155576,0.044172,1.176395,2.486312,0.000000,0.023997,0.016399,0.106996
32.700042,1.198885,2.488545,-1.675667,-96.01,0.160908,0.052905,1.176395,2.471311,0.000000,0.022492,0.017243,0.104870
32.800102,1.197298,2.473264,-1.671759,-95.78,0.160989,0.058095,1.176395,2.456313,0.000000,0.020904,0.016971,0.100963
32.900107,1.196246,2.462660,-1.667292,-95.53,0.175179,0.055944,1.176394,2.441312,0.000000,0.019852,0.021368,0.096496
33.000095,1.194714,2.446204,-1.660530,-95.14,0.173519,0.051441,1.176394,2.426309,0.000000,0.018321,0.019909,0.089734
33.100130,1.193260,2.429206,-1.651961,-94.65,0.165536,0.046635,1.176394,2.411309,0.000000,0.016867,0.017917,0.081164
33.200119,1.191885,2.411339,-1.643040,-94.14,0.152789,0.042110,1.176394,2.396306,0.000000,0.015492,0.015048,0.072243
33.300046,1.190620,2.393388,-1.639978,-93.96,0.138532,0.046023,1.176394,2.381305,0.000000,0.014227,0.012086,0.069182
33.400074,1.189502,2.376517,-1.634299,-93.64,0.127474,0.046686,1.176394,2.366308,0.000000,0.013109,0.010220,0.063503
33.500098,1.188575,2.360979,-1.625680,-93.14,0.121933,0.040389,1.176394,2.351311,0.000000,0.012182,0.009685,0.054883
33.600024,1.187849,2.347027,-1.620502,-92.85,0.123955,0.034524,1.176393,2.336311,0.000000,0.011455,0.010722,0.049706
33.700214,1.187213,2.334033,-1.618734,-92.75,0.131203,0.032218,1.176393,2.321313,0.000000,0.010820,0.012756,0.047938
33.800197,1.186624,2.321594,-1.617661,-92.69,0.141989,0.030832,1.176393,2.306309,0.000000,0.010231,0.015315,0.046865
33.900033,1.186035,2.308775,-1.615583,-92.57,0.152531,0.028329,1.176393,2.291301,0.000000,0.009642,0.017471,0.044787
34.000122,1.185628,2.299621,-1.614809,-92.52,0.175302,0.025915,1.176393,2.276301,0.000000,0.009235,0.023331,0.044013
34.100109,1.184993,2.285031,-1.614250,-92.49,0.183487,0.025812,1.176393,2.261303,0.000000,0.008599,0.023738,0.043453
34.200042,1.184291,2.268872,-1.612341,-92.38,0.181501,0.026226,1.176393,2.246305,0.000000,0.007898,0.022570,0.041545
34.300235,1.183620,2.251370,-1.605829,-92.01,0.172214,0.020717,1.176393,2.231310,0.000000,0.007227,0.020097,0.035033
34.400145,1.183073,2.232547,-1.594852,-91.38,0.156307,0.009670,1.176393,2.216307,0.000000,0.006680,0.016260,0.024055
34.500027,1.182702,2.213770,-1.587191,-90.94,0.138609,-0.000428,1.176393,2.201304,0.000000,0.006309,0.012466,0.016395
34.600083,1.182420,2.196030,-1.586775,-90.92,0.123950,-0.002165,1.176393,2.186307,0.000000,0.006027,0.009733,0.015979
34.700102,1.182148,2.179656,-1.587317,-90.95,0.114880,0.000762,1.176393,2.171310,0.000000,0.005755,0.008363,0.016521
34.800018,1.181920,2.165332,-1.586420,-90.90,0.114846,0.001394,1.176393,2.156310,0.000000,0.005527,0.009026,0.015623
34.900069,1.181734,2.152855,-1.584800,-90.80,0.123362,-0.000719,1.176393,2.141313,0.000000,0.005341,0.011557,0.014003
35.000097,1.181574,2.141315,-1.584947,-90.81,0.137635,-0.001749,1.176393,2.126314,0.000000,0.005181,0.015021,0.014151
35.100031,1.181458,2.133343,-1.586384,-90.89,0.165643,-0.001597,1.176393,2.111312,0.000000,0.005065,0.022039,0.015587
35.200077,1.181249,2.120613,-1.588008,-90.99,0.181830,0.000081,1.176393,2.096313,0.000000,0.004856,0.024316,0.017212
35.300116,1.181007,2.106365,-1.587882,-90.98,0.189210,0.000710,1.176393,2.081313,0.000000,0.004614,0.025074,0.017086
35.400139,1.180716,2.089511,-1.588586,-91.02,0.184765,0.003450,1.176393,2.066310,0.000000,0.004323,0.023223,0.017790
35.500058,1.180375,2.071037,-1.589009,-91.04,0.171640,0.007193,1.176393,2.051305,0.000000,0.003982,0.019738,0.018212
35.600115,1.180030,2.051855,-1.587286,-90.94,0.153466,0.008172,1.176393,2.036306,0.000000,0.003637,0.015564,0.016489
35.700028,1.179781,2.032874,-1.580856,-90.58,0.134462,0.001669,1.176393,2.021306,0.000000,0.003388,0.011569,0.010059
35.800040,1.179642,2.015208,-1.577677,-90.39,0.119666,-0.002876,1.176393,2.006310,0.000000,0.003249,0.008905,0.006881
35.900095,1.179521,1.999389,-1.579598,-90.50,0.075891,-0.611388,1.172584,1.997411,0.000000,0.015527,-0.015098,0.008802
36.000034,1.179392,1.985874,-1.580805,-90.57,0.043312,-0.701334,1.168810,1.989294,0.000000,0.014378,-0.011517,0.010008
36.100093,1.179279,1.978560,-1.594986,-91.39,0.085345,-0.049610,1.169035,1.972918,0.000000,0.002886,0.017265,0.024190
36.200109,1.178934,1.970899,-1.644895,-94.25,0.114399,-0.350387,1.166047,1.959776,0.000000,0.019771,0.003745,0.074099
36.300046,1.178304,1.964654,-1.690710,-96.87,0.146757,-0.406202,1.162385,1.947122,0.000000,0.020310,0.014668,0.119913
36.400079,1.177157,1.956049,-1.714317,-98.22,0.174355,-0.226013,1.159854,1.933647,0.000000,0.017912,0.021703,0.143520
36.500106,1.175299,1.944427,-1.743703,-99.91,0.195718,-0.004303,1.158712,1.918833,0.000000,0.015371,0.026962,0.172906
36.600048,1.172424,1.929439,-1.775170,-101.71,0.102795,-2.840000,1.145835,1.935563,0.000000,0.054079,-0.094613,0.204374
36.700068,1.168641,1.912182,-1.795885,-102.90,0.045908,-0.111666,1.145458,1.919996,0.000000,0.001375,0.032485,0.225089
36.800113,1.165044,1.897508,-1.848768,-105.93,-0.042090,1.754582,1.158787,1.913370,0.000000,-0.031083,-0.038969,0.277972
36.900026,1.162698,1.890314,-1.921312,-110.08,-0.115560,2.690760,1.178376,1.913951,0.000000,-0.045501,-0.050737,0.350516
37.000184,1.162600,1.890107,-1.861876,-106.68,-0.093563,2.472186,1.192962,1.910781,0.000000,-0.039463,-0.028813,0.291079
37.100124,1.163402,1.893789,-1.713945,-98.20,-0.014375,1.920625,1.202800,1.903957,0.000000,-0.043808,-0.014417,0.143149
37.200070,1.163672,1.898813,-1.532662,-87.82,0.043211,1.485531,1.205078,1.901461,0.000000,-0.034574,-0.022327,-0.038134
37.300094,1.163404,1.901532,-1.408492,-80.70,0.078295,0.828848,1.206321,1.898430,0.000000,-0.043188,-0.008121,-0.162304
37.400118,1.163187,1.902599,-1.228713,-70.40,0.154815,0.505042,1.208892,1.890578,0.000000,-0.050375,0.010586,-0.342083
37.500043,1.164886,1.898869,-1.096316,-62.81,0.220000,0.717597,1.213789,1.883385,0.000000,-0.057696,0.006880,-0.474481
37.600103,1.169711,1.890699,-0.999818,-57.29,0.220000,0.705525,1.221273,1.874513,0.000000,-0.063381,0.011932,-0.570978
37.700137,1.178143,1.878468,-0.942092,-53.98,0.220000,0.675424,1.230989,1.864379,0.000000,-0.066213,0.010652,-0.628704
37.800032,1.188783,1.864461,-0.903845,-51.79,0.220000,0.898451,1.243743,1.855433,0.000000,-0.072800,0.000992,-0.666952
37.900087,1.200505,1.850082,-0.870932,-49.90,0.220000,0.326501,1.256124,1.838119,0.000000,-0.067528,0.024670,-0.699864
38.000107,1.212725,1.835988,-0.840543,-48.16,0.220000,0.156335,1.269827,1.817249,0.000000,-0.072877,0.028892,-0.730253
38.100024,1.225381,1.822251,-0.813439,-46.61,0.220000,0.146261,1.286143,1.795249,0.000000,-0.081481,0.043095,-0.757357
38.200126,1.234333,1.812915,-0.799619,-45.81,0.220000,0.117495,1.303274,1.773249,0.000000,-0.087184,0.078458,-0.771177
38.300186,1.248334,1.798711,-0.786971,-45.09,0.220000,-0.291734,1.313723,1.751249,0.000000,-0.067709,0.107244,-0.783825
38.400098,1.267414,1.779742,-0.779722,-44.67,0.220000,-0.393107,1.324643,1.729249,0.000000,-0.068658,0.092843,-0.791075
38.500125,1.277030,1.770243,-0.779694,-44.67,0.220000,-0.926959,1.328691,1.707249,0.000000,-0.047316,0.130331,-0.791102
38.600024,1.291156,1.756272,-0.781123,-44.76,0.220000,-1.234740,1.330714,1.685249,0.000000,-0.039268,0.156167,-0.789674
38.700022,1.304426,1.742946,-0.795758,-45.59,0.220000,-0.311642,1.352714,1.663249,0.000000,-0.167730,0.150653,-0.775038
38.800052,1.316327,1.730444,-0.828672,-47.48,0.220000,-1.861151,1.346526,1.641249,0.000000,0.046918,0.172900,-0.742125
38.900098,1.327786,1.717467,-0.861807,-49.38,0.220000,-2.191024,1.338293,1.619249,0.000000,-0.000330,0.139084,-0.708989
39.000024,1.338847,1.704248,-0.894661,-51.26,0.220000,-1.345433,1.345600,1.597249,0.000000,-0.040926,0.139376,-0.676135
39.100046,1.347231,1.693107,-0.965118,-55.30,0.220000,-1.939224,1.343298,1.575249,0.000000,0.017259,0.163451,-0.605678
39.200109,1.354313,1.681867,-1.047933,-60.04,0.220000,-1.936136,1.340933,1.553249,0.000000,0.016834,0.180955,-0.522863
39.300004,1.360556,1.669997,-1.127077,-64.58,0.220000,-2.840000,1.318933,1.531249,0.000000,0.102309,0.185930,-0.438640
39.400120,1.365681,1.657933,-1.211710,-69.43,0.220000,-2.054741,1.316901,1.509249,0.000000,0.003111,0.222511,-0.333862
39.500143,1.369139,1.647192,-1.312359,-75.19,0.220000,-2.583474,1.302281,1.487249,0.000000,0.096033,0.202389,-0.212928
39.600081,1.370810,1.639838,-1.380818,-79.12,0.220000,-2.058135,1.296830,1.465249,0.000000,0.064217,0.210192,-0.124042
39.700134,1.372461,1.628163,-1.480690,-84.84,0.220000,-1.452734,1.297998,1.443249,0.000000,0.062988,0.210228,-0.003561
39.800134,1.372899,1.616736,-1.582542,-90.67,0.220000,-1.490386,1.291841,1.421249,0.000000,0.095856,0.227862,0.119048
39.900120,1.372182,1.604129,-1.668132,-95.58,0.220000,-1.111521,1.287504,1.399249,0.000000,0.087400,0.222444,0.225548
40.000135,1.370258,1.589706,-1.737544,-99.55,0.220000,-0.364783,1.292496,1.377249,0.000000,0.057796,0.223208,0.316030
40.100137,1.367284,1.574893,-1.798721,-103.06,0.220000,-0.005172,1.297672,1.355249,0.000000,0.066422,0.218290,0.398429
40.200057,1.363131,1.558688,-1.840012,-105.42,0.220000,-0.144816,1.293712,1.333249,0.000000,0.084586,0.216009,0.461074
40.300003,1.357969,1.540657,-1.856305,-106.36,0.220000,0.036916,1.290803,1.313509,0.000000,0.068715,0.221284,0.498877
40.400082,1.352232,1.521238,-1.857928,-106.45,0.220000,0.348455,1.292146,1.296990,0.000000,0.052371,0.224469,0.522185
40.500054,1.346397,1.501373,-1.853817,-106.22,0.220000,0.625285,1.296645,1.280832,0.000000,0.041642,0.224627,0.539880
40.600107,1.342616,1.488265,-1.848650,-105.92,0.220000,0.481536,1.297372,1.261992,0.000000,0.050714,0.234367,0.556678
40.700028,1.337268,1.469182,-1.838677,-105.35,0.220000,0.429432,1.296418,1.244065,0.000000,0.046136,0.228058,0.568779
40.800093,1.332205,1.450074,-1.819398,-104.24,0.220000,0.492416,1.296424,1.225163,0.000000,0.037482,0.230095,0.571740
40.900110,1.327679,1.431405,-1.798382,-103.04,0.220000,0.561315,1.297804,1.205514,0.000000,0.029938,0.231278,0.573085
41.000108,1.323559,1.412744,-1.778096,-101.88,0.220000,-0.701348,1.277639,1.194816,0.000000,0.096957,0.197431,0.575282
41.100196,1.319722,1.393482,-1.756217,-100.62,0.220000,0.124415,1.275789,1.174746,0.000000,0.017917,0.234700,0.576031
41.200126,1.317463,1.381030,-1.745721,-100.02,0.220000,0.410857,1.280421,1.152937,0.000000,0.026814,0.236026,0.588247
41.300112,1.312964,1.356328,-1.758417,-100.75,0.220000,-0.360922,1.273198,1.142540,0.000000,0.066356,0.188061,0.623781
41.400030,1.309249,1.336861,-1.759343,-100.80,0.220000,-0.600851,1.266506,1.136273,0.000000,0.055197,0.184099,0.647640
41.500092,1.305552,1.317314,-1.757475,-100.70,0.220000,-0.181979,1.263960,1.129207,0.000000,0.043653,0.179974,0.668844
41.600122,1.301903,1.298427,-1.768041,-101.30,0.220000,0.424257,1.266323,1.119286,0.000000,0.031770,0.176386,0.702575
41.700065,1.299330,1.285803,-1.775616,-101.74,0.220000,0.772069,1.272772,1.106702,0.000000,0.020584,0.178915,0.733391
41.800104,1.295281,1.266377,-1.774707,-101.68,0.220000,1.030059,1.281935,1.092391,0.000000,0.007525,0.174509,0.755835
41.900118,1.291374,1.246974,-1.762009,-100.96,0.220000,1.242225,1.292537,1.077302,0.000000,-0.005771,0.169961,0.766570
42.000041,1.288132,1.228964,-1.732603,-99.27,0.220000,1.398648,1.303685,1.062137,0.000000,-0.018772,0.166619,0.760655
42.100112,1.285739,1.212050,-1.686510,-96.63,0.220000,1.487193,1.314904,1.047193,0.000000,-0.031314,0.164205,0.738162
42.200146,1.284348,1.196319,-1.631457,-93.48,0.220000,1.515229,1.325983,1.032575,0.000000,-0.043220,0.162767,0.706768
42.300105,1.283941,1.180862,-1.564944,-89.66,0.220000,1.494036,1.337078,1.018308,0.000000,-0.054497,0.161376,0.663958
42.400136,1.284554,1.165691,-1.495314,-85.68,0.220000,1.439551,1.348298,1.004372,0.000000,-0.065122,0.160052,0.618106
42.500177,1.286226,1.150676,-1.424599,-81.62,0.220000,1.364777,1.359757,0.990736,0.000000,-0.075038,0.158643,0.571221
42.600083,1.288858,1.136055,-1.359465,-77.89,0.220000,1.286105,1.371539,0.977375,0.000000,-0.084322,0.157355,0.529929
42.700065,1.292640,1.120854,-1.295484,-74.23,0.220000,1.204200,1.383687,0.964276,0.000000,-0.092799,0.155229,0.489847
42.800101,1.295774,1.110591,-1.254148,-71.86,0.220000,1.151587,1.396210,0.951443,0.000000,-0.102258,0.157767,0.472454
42.900039,1.301171,1.095615,-1.196249,-68.54,0.220000,1.084486,1.409098,0.938884,0.000000,-0.109756,0.155290,0.438500
43.000061,1.307572,1.080571,-1.139913,-65.31,0.220000,1.009873,1.422330,0.926616,0.000000,-0.116569,0.152452,0.406150
43.100148,1.314672,1.066154,-1.085103,-62.17,0.220000,0.930026,1.435882,0.914653,0.000000,-0.122987,0.149933,0.375353
43.199971,1.322919,1.051454,-1.034911,-59.30,0.220000,0.854019,1.449732,0.903010,0.000000,-0.128508,0.146777,0.349117
43.300116,1.332059,1.036842,-0.989346,-56.69,0.220000,0.786270,1.463861,0.891703,0.000000,-0.133454,0.143411,0.327586
43.400114,1.342057,1.022309,-0.947327,-54.28,0.220000,0.727232,1.478254,0.880741,0.000000,-0.137783,0.139764,0.309559
43.500049,1.352643,1.008166,-0.909814,-52.13,0.220000,0.679034,1.492899,0.870135,0.000000,-0.141764,0.136149,0.296010
43.600099,1.363987,0.994098,-0.875330,-50.15,0.220000,0.640565,1.507782,0.859894,0.000000,-0.145241,0.132260,0.285499
43.700106,1.376236,0.979897,-0.842832,-48.29,0.220000,0.609963,1.522890,0.850024,0.000000,-0.148029,0.127865,0.276939
43.800033,1.388736,0.966290,-0.813384,-46.60,0.220000,0.588022,1.538212,0.840532,0.000000,-0.150765,0.123682,0.271377
43.900085,1.401630,0.953058,-0.783578,-44.90,0.220000,0.568543,1.553733,0.831426,0.000000,-0.153322,0.119504,0.265449
44.000102,1.410688,0.944219,-0.762925,-43.71,0.220000,0.565799,1.569439,0.822710,0.000000,-0.159892,0.119330,0.268622
44.100030,1.424356,0.931489,-0.738166,-42.29,0.220000,0.564583,1.585317,0.814390,0.000000,-0.162006,0.114865,0.267618
44.200081,1.438754,0.918733,-0.713927,-40.91,0.220000,0.565146,1.601350,0.806470,0.000000,-0.163564,0.109988,0.267106
44.300107,1.453141,0.906544,-0.691111,-39.60,0.220000,0.567952,1.617524,0.798954,0.000000,-0.165268,0.105276,0.267949
44.400023,1.468055,0.894516,-0.666290,-38.18,0.220000,0.568836,1.633825,0.791844,0.000000,-0.166554,0.100315,0.266693
44.500069,1.482876,0.883148,-0.641978,-36.78,0.220000,0.569396,1.650236,0.785144,0.000000,-0.168063,0.095619,0.265903
44.600092,1.498223,0.871976,-0.616407,-35.32,0.220000,0.567798,1.666743,0.778855,0.000000,-0.169140,0.090711,0.263770
44.700076,1.513904,0.861188,-0.589212,-33.76,0.220000,0.561925,1.683332,0.772977,0.000000,-0.169958,0.085777,0.259918
44.800106,1.529755,0.850884,-0.564452,-32.34,0.220000,0.558052,1.699988,0.767511,0.000000,-0.170681,0.080923,0.258422
44.900119,1.546179,0.840724,-0.543910,-31.16,0.220000,0.563792,1.716695,0.762457,0.000000,-0.170883,0.075805,0.261044
45.000049,1.562680,0.831038,-0.518427,-29.70,0.220000,0.564488,1.733440,0.757813,0.000000,-0.171032,0.070750,0.258605
45.100110,1.579200,0.821894,-0.491536,-28.16,0.220000,0.560033,1.750207,0.753578,0.000000,-0.171211,0.065841,0.254684
45.200136,1.590245,0.816089,-0.474903,-27.21,0.220000,0.566945,1.766982,0.749750,0.000000,-0.176869,0.063867,0.260902
45.300045,1.607615,0.807419,-0.449732,-25.77,0.220000,0.568533,1.783747,0.746325,0.000000,-0.176184,0.058625,0.258441
45.400074,1.624890,0.799309,-0.428668,-24.56,0.220000,0.575189,1.800473,0.743300,0.000000,-0.175598,0.053551,0.259994
45.500097,1.642225,0.791637,-0.405163,-23.21,0.220000,0.579905,1.817163,0.740671,0.000000,-0.174923,0.048524,0.258984
45.600027,1.659878,0.784320,-0.380580,-21.81,0.220000,0.581875,1.833816,0.738433,0.000000,-0.173877,0.043463,0.256746
45.700079,1.677760,0.777441,-0.354238,-20.30,0.220000,0.579105,1.850420,0.736582,0.000000,-0.172570,0.038460,0.252645
45.800029,1.695437,0.771173,-0.326772,-18.72,0.220000,0.571875,1.866965,0.735111,0.000000,-0.171388,0.033690,0.247263
45.899994,1.713592,0.765295,-0.299227,-17.14,0.220000,0.561083,1.883438,0.734015,0.000000,-0.169656,0.028939,0.241669
46.000110,1.731387,0.760049,-0.275352,-15.78,0.220000,0.555964,1.899826,0.733287,0.000000,-0.168224,0.024456,0.239635
46.100127,1.743666,0.756684,-0.260335,-14.92,0.220000,0.564519,1.916123,0.732921,0.000000,-0.172197,0.021496,0.246295
46.200040,1.768804,0.750375,-0.231402,-13.26,0.220000,0.565030,1.932317,0.732909,0.000000,-0.163189,0.015240,0.238868
46.300091,1.781121,0.747585,-0.213854,-12.25,0.220000,0.571520,1.948395,0.733244,0.000000,-0.166910,0.012158,0.242708
46.400111,1.799473,0.743842,-0.188425,-10.80,0.220000,0.571399,1.964349,0.733919,0.000000,-0.164467,0.007787,0.238510
46.500038,1.818087,0.740529,-0.164087,-9.40,0.220000,0.570121,1.980171,0.734925,0.000000,-0.161617,0.003518,0.235228
46.600085,1.837028,0.737638,-0.139098,-7.97,0.220000,0.567216,1.995851,0.736255,0.000000,-0.158319,-0.000653,0.231166
46.700117,1.855810,0.735264,-0.113871,-6.52,0.220000,0.562688,2.011382,0.737900,0.000000,-0.155030,-0.004620,0.226707
46.800082,1.874844,0.733300,-0.093297,-5.35,0.220000,0.565694,2.026759,0.739852,0.000000,-0.151327,-0.008481,0.226729
46.900091,1.894117,0.731729,-0.070053,-4.01,0.220000,0.568010,2.041974,0.742102,0.000000,-0.147230,-0.012247,0.223932
47.000130,1.906900,0.730941,-0.052771,-3.02,0.220000,0.575184,2.057022,0.744643,0.000000,-0.149463,-0.015521,0.226943
47.099947,1.925691,0.730194,-0.025161,-1.44,0.220000,0.571399,2.071897,0.747465,0.000000,-0.145484,-0.019027,0.219421
47.200088,1.945405,0.729911,-0.002620,-0.15,0.220000,0.571413,2.086592,0.750560,0.000000,-0.140452,-0.022352,0.216874
47.300135,1.964666,0.730081,0.019696,1.13,0.220000,0.573215,2.101104,0.753920,0.000000,-0.135681,-0.025485,0.214373
47.400047,1.983640,0.730659,0.041376,2.37,0.220000,0.576820,2.115431,0.757535,0.000000,-0.130993,-0.028462,0.212322
47.500088,2.002621,0.731663,0.065303,3.74,0.220000,0.577725,2.129569,0.761399,0.000000,-0.126128,-0.031265,0.207891
47.600209,2.021294,0.733120,0.090792,5.20,0.220000,0.574417,2.143514,0.765502,0.000000,-0.121392,-0.033860,0.201753
47.700092,2.039822,0.735044,0.116706,6.69,0.220000,0.568001,2.157265,0.769837,0.000000,-0.116575,-0.036208,0.194988
47.800055,2.058897,0.737531,0.143284,8.21,0.220000,0.559043,2.170819,0.774396,0.000000,-0.111028,-0.038223,0.187419
47.900102,2.077673,0.740489,0.168671,9.66,0.220000,0.550031,2.184172,0.779170,0.000000,-0.105593,-0.039986,0.180903
48.000035,2.096576,0.743913,0.189614,10.86,0.220000,0.547346,2.197324,0.784152,0.000000,-0.099819,-0.041488,0.178657
48.100089,2.109037,0.746398,0.203891,11.68,0.220000,0.554734,2.210273,0.789334,0.000000,-0.100304,-0.044137,0.182949
48.200108,2.128099,0.750572,0.227835,13.05,0.220000,0.556101,2.223021,0.794711,0.000000,-0.093984,-0.045290,0.177419
48.300042,2.146489,0.755070,0.252022,14.44,0.220000,0.553552,2.235568,0.800275,0.000000,-0.088125,-0.046304,0.171485
48.400108,2.164885,0.760050,0.276784,15.86,0.220000,0.547890,2.247913,0.806019,0.000000,-0.082077,-0.047026,0.164858
48.500140,2.183085,0.765443,0.300083,17.19,0.220000,0.542138,2.260057,0.811938,0.000000,-0.076021,-0.047508,0.159547
48.600031,2.201215,0.771239,0.319036,18.28,0.220000,0.541481,2.272002,0.818025,0.000000,-0.069820,-0.047751,0.158422
48.700089,2.219246,0.777414,0.340487,19.51,0.220000,0.539930,2.283746,0.824275,0.000000,-0.063541,-0.047788,0.154694
48.800118,2.237182,0.784004,0.364216,20.87,0.220000,0.534663,2.295292,0.830683,0.000000,-0.057156,-0.047568,0.148554
48.900042,2.254794,0.790951,0.387333,22.19,0.220000,0.527480,2.306642,0.837242,0.000000,-0.050889,-0.047140,0.142882
49.000087,2.272444,0.798404,0.412509,23.64,0.220000,0.516169,2.317796,0.843949,0.000000,-0.044403,-0.046362,0.135051
49.100141,2.284159,0.803642,0.427872,24.52,0.220000,0.515614,2.328757,0.850799,0.000000,-0.043662,-0.047946,0.136917
49.200038,2.301664,0.811857,0.449384,25.75,0.220000,0.510506,2.339528,0.857789,0.000000,-0.036925,-0.046683,0.132495
49.300173,2.319165,0.820489,0.466306,26.72,0.220000,0.506425,2.350110,0.864914,0.000000,-0.030029,-0.045158,0.132594
49.400141,2.336480,0.829436,0.488417,27.98,0.220000,0.496691,2.360506,0.872171,0.000000,-0.023116,-0.043440,0.127373
49.500031,2.353186,0.838555,0.511150,29.29,0.220000,0.482441,2.370718,0.879558,0.000000,-0.016621,-0.041675,0.121418
49.600108,2.369711,0.848050,0.531873,30.47,0.220000,0.466072,2.380748,0.887070,0.000000,-0.010145,-0.039677,0.117412
49.700145,2.386222,0.858017,0.553950,31.74,0.220000,0.445531,2.390598,0.894706,0.000000,-0.003501,-0.037329,0.111958
49.800105,2.402577,0.868382,0.575377,32.97,0.177475,0.421428,2.400273,0.902463,0.000000,0.003171,-0.034703,0.107057
49.900149,2.418549,0.878918,0.591404,33.88,0.133704,0.397647,2.409773,0.910341,0.000000,0.009625,-0.032032,0.107493
50.000157,2.434142,0.889655,0.617105,35.36,0.100188,0.361418,2.419102,0.918337,0.000000,0.015875,-0.029279,0.098179
50.100040,2.442848,0.895974,0.640817,36.72,0.097555,0.339161,2.428263,0.926451,0.000000,0.015417,-0.031053,0.090768
50.200085,2.453580,0.904312,0.681919,39.07,0.096987,0.307582,2.437256,0.934681,0.000000,0.017138,-0.030938,0.065933
50.300111,2.461570,0.911050,0.719453,41.22,0.106288,0.281170,2.446085,0.943025,0.000000,0.016282,-0.032540,0.044608
50.400036,2.469194,0.917978,0.753412,43.17,0.118833,0.259657,2.454753,0.951485,0.000000,0.015231,-0.034061,0.026796
50.500083,2.476546,0.925084,0.781808,44.79,0.131926,0.244302,2.463261,0.960060,0.000000,0.014056,-0.035530,0.014525
50.600025,2.484076,0.932766,0.806830,46.23,0.142932,0.233765,2.471613,0.968750,0.000000,0.013225,-0.036532,0.005575
50.700017,2.492091,0.941350,0.830339,47.57,0.149649,0.224516,2.479809,0.977556,0.000000,0.013031,-0.036754,-0.001882
50.800089,2.500810,0.951107,0.850250,48.72,0.150407,0.216334,2.487852,0.986479,0.000000,0.013689,-0.035927,-0.005752
50.900117,2.510145,0.961974,0.870716,49.89,0.143989,0.202850,2.495744,0.995519,0.000000,0.015117,-0.034106,-0.010200
51.000040,2.519848,0.973787,0.894194,51.23,0.132850,0.180502,2.503487,1.004679,0.000000,0.017073,-0.031448,-0.017686
51.100097,2.529303,0.985832,0.916266,52.50,0.120039,0.156106,2.511082,1.013958,0.000000,0.018920,-0.028692,-0.023748
51.200101,2.538019,0.997455,0.938428,53.77,0.109413,0.132217,2.518529,1.023359,0.000000,0.020179,-0.026474,-0.029907
51.300053,2.546070,1.008718,0.961176,55.07,0.101864,0.109742,2.525831,1.032882,0.000000,0.020926,-0.024736,-0.036651
51.400075,2.550866,1.015680,0.973962,55.80,0.113415,0.108886,2.532986,1.042529,0.000000,0.018558,-0.027431,-0.033404
51.500083,2.557199,1.025146,0.988280,56.62,0.120711,0.114517,2.539996,1.052302,0.000000,0.017875,-0.027747,-0.031671
51.600039,2.563232,1.034417,0.998705,57.22,0.127565,0.124989,2.546862,1.062203,0.000000,0.017040,-0.028382,-0.026025
51.699996,2.569567,1.044366,1.009033,57.81,0.131832,0.135328,2.553582,1.072234,0.000000,0.016655,-0.028470,-0.020247
51.799982,2.576391,1.055353,1.020892,58.49,0.131286,0.142274,2.560157,1.082396,0.000000,0.016902,-0.027655,-0.015955
51.900031,2.583317,1.066812,1.033649,59.22,0.128191,0.146129,2.566586,1.092691,0.000000,0.017394,-0.026510,-0.012503
52.000068,2.589937,1.078100,1.048017,60.05,0.125616,0.147014,2.572870,1.103124,0.000000,0.017728,-0.025672,-0.010612
52.100218,2.596315,1.089352,1.063011,60.91,0.123910,0.146204,2.579006,1.113696,0.000000,0.017962,-0.025021,-0.009269
52.200146,2.602469,1.100583,1.076761,61.69,0.123042,0.147474,2.584996,1.124413,0.000000,0.018136,-0.024508,-0.006654
52.300173,2.608551,1.112055,1.090187,62.46,0.122000,0.149854,2.590836,1.135274,0.000000,0.018385,-0.023910,-0.003627
52.400169,2.614331,1.123313,1.102936,63.19,0.122749,0.154296,2.596524,1.146281,0.000000,0.018486,-0.023667,0.000149
52.500091,2.619932,1.134577,1.115914,63.94,0.118432,0.147690,2.601792,1.156781,0.000000,0.018569,-0.023558,0.003764
52.600022,2.625461,1.146073,1.129250,64.70,0.115888,0.139281,2.607019,1.167499,0.000000,0.018737,-0.023367,0.007110
52.700142,2.628978,1.153621,1.140005,65.32,0.131506,0.147022,2.612282,1.178650,0.000000,0.017045,-0.027297,0.013162
52.800102,2.634081,1.164953,1.156155,66.24,0.136654,0.151708,2.617343,1.189781,0.000000,0.017111,-0.027579,0.013890
52.900142,2.639116,1.176645,1.171791,67.14,0.139891,0.154679,2.622352,1.201271,0.000000,0.017275,-0.027663,0.015248
53.000163,2.644220,1.189024,1.188344,68.09,0.142080,0.159820,2.627301,1.213215,0.000000,0.017679,-0.027216,0.015794
53.100061,2.649282,1.201910,1.205294,69.06,0.143305,0.166073,2.632124,1.225559,0.000000,0.018223,-0.026404,0.016033
53.200109,2.652707,1.211033,1.217755,69.77,0.158184,0.182460,2.636757,1.238192,0.000000,0.017303,-0.029533,0.020904
53.300137,2.659271,1.229544,1.241852,71.15,0.143889,0.179777,2.641157,1.251010,0.000000,0.019708,-0.023430,0.014257
53.400061,2.664104,1.244021,1.255577,71.94,0.135089,0.180886,2.645303,1.263942,0.000000,0.020575,-0.021509,0.018088
53.500177,2.667236,1.253755,1.264326,72.44,0.145121,0.195642,2.649192,1.276953,0.000000,0.019929,-0.024516,0.027058
53.600147,2.673048,1.272728,1.283826,73.56,0.128193,0.194643,2.652827,1.290038,0.000000,0.022169,-0.018426,0.025385
53.700046,2.676815,1.285866,1.300689,74.52,0.119771,0.184456,2.656115,1.302582,0.000000,0.022571,-0.018323,0.026471
53.800100,2.679174,1.294589,1.312979,75.23,0.133086,0.194284,2.659230,1.315311,0.000000,0.021773,-0.022816,0.032298
53.900138,2.682286,1.306856,1.331322,76.28,0.142722,0.201556,2.662206,1.328443,0.000000,0.021944,-0.023922,0.032211
54.000128,2.685172,1.319281,1.352841,77.51,0.152423,0.206479,2.665013,1.342000,0.000000,0.022116,-0.025021,0.029085
54.100169,2.688025,1.332829,1.374431,78.75,0.159183,0.210198,2.667602,1.355905,0.000000,0.022484,-0.025162,0.026045
54.200141,2.690762,1.347432,1.396611,80.02,0.161916,0.210791,2.669937,1.370053,0.000000,0.022975,-0.024393,0.022553
54.300061,2.693349,1.363115,1.416894,81.18,0.159499,0.210453,2.671995,1.384359,0.000000,0.023560,-0.022690,0.021099
54.400109,2.695677,1.379298,1.438424,82.42,0.154418,0.206290,2.673763,1.398766,0.000000,0.024135,-0.020654,0.018578
54.500129,2.697672,1.395731,1.460096,83.66,0.147936,0.199950,2.675238,1.413253,0.000000,0.024635,-0.018512,0.016064
54.600070,2.699288,1.412103,1.484603,85.06,0.141720,0.189956,2.676412,1.427817,0.000000,0.025022,-0.016563,0.010857
54.700120,2.700453,1.427650,1.508298,86.42,0.138722,0.179817,2.677291,1.442469,0.000000,0.025230,-0.015593,0.006642
54.800144,2.701243,1.442714,1.528712,87.59,0.139273,0.174491,2.677885,1.457221,0.000000,0.025342,-0.015238,0.005861
54.900054,2.701724,1.457032,1.544670,88.50,0.142775,0.177815,2.678200,1.472084,0.000000,0.025432,-0.015743,0.009673
55.000092,2.701929,1.466445,1.553223,88.99,0.164078,0.197194,2.678238,1.487065,0.000000,0.025536,-0.021294,0.017573
55.100098,2.702089,1.480568,1.565583,89.70,0.175457,0.213409,2.678013,1.502157,0.000000,0.025695,-0.022172,0.005213
55.200046,2.702039,1.495880,1.583297,90.72,0.179682,0.203817,2.677649,1.517315,0.000000,0.025645,-0.021852,-0.012501
55.300084,2.701668,1.512277,1.602893,91.84,0.177369,0.173800,2.677265,1.532487,0.000000,0.025275,-0.020461,-0.032097
55.400023,2.700903,1.529598,1.626433,93.19,0.169937,0.127943,2.676932,1.547616,0.000000,0.024510,-0.018131,-0.055636
55.499984,2.699656,1.547880,1.650997,94.60,0.157275,0.070563,2.676679,1.562701,0.000000,0.023263,-0.014843,-0.080200
55.600004,2.697968,1.566304,1.673182,95.87,0.142014,0.008771,2.676511,1.577748,0.000000,0.021575,-0.011421,-0.102386
55.700019,2.696029,1.583813,1.686850,96.65,0.128434,-0.046547,2.676414,1.592767,0.000000,0.019635,-0.008915,-0.116054
55.800012,2.694086,1.600048,1.691735,96.93,0.119321,-0.088552,2.676371,1.607770,0.000000,0.017692,-0.007679,-0.120939
55.900082,2.692296,1.614772,1.691688,96.93,0.116642,-0.116610,2.676362,1.622762,0.000000,0.015903,-0.007965,-0.120892
56.000100,2.690724,1.627890,1.688754,96.76,0.121813,-0.132457,2.676369,1.637753,0.000000,0.014330,-0.009850,-0.117957
56.100034,2.689804,1.635810,1.683857,96.48,0.146711,-0.136129,2.676382,1.652745,0.000000,0.013411,-0.016920,-0.113061
56.200086,2.688948,1.643635,1.675878,96.02,0.177920,-0.127668,2.676392,1.667734,0.000000,0.012555,-0.024103,-0.105082
56.300116,2.687218,1.661903,1.654322,94.79,0.175242,-0.105428,2.676397,1.682727,0.000000,0.010825,-0.020840,-0.083525
56.400042,2.686052,1.677146,1.640406,93.99,0.173061,-0.084855,2.676398,1.697725,0.000000,0.009659,-0.020585,-0.069610
56.500086,2.684945,1.694474,1.628536,93.31,0.164108,-0.067341,2.676398,1.712721,0.000000,0.008552,-0.018264,-0.057740
56.600194,2.683979,1.712647,1.619011,92.76,0.150391,-0.053382,2.676397,1.727720,0.000000,0.007586,-0.015108,-0.048215
56.700152,2.683464,1.724354,1.612062,92.36,0.157536,-0.040657,2.676397,1.742726,0.000000,0.007071,-0.018394,-0.041265
56.800087,2.682834,1.740971,1.606852,92.07,0.153776,-0.032120,2.676396,1.757731,0.000000,0.006441,-0.016767,-0.036056
56.900127,2.682253,1.757185,1.606086,92.02,0.148437,-0.031858,2.676396,1.772730,0.000000,0.005860,-0.015559,-0.035290
57.000023,2.681698,1.773349,1.603723,91.89,0.142814,-0.031422,2.676395,1.787729,0.000000,0.005305,-0.014380,-0.032927
57.100102,2.681211,1.789084,1.599392,91.64,0.138519,-0.027530,2.676395,1.802724,0.000000,0.004818,-0.013656,-0.028596
57.200175,2.680803,1.804645,1.594733,91.37,0.135277,-0.022007,2.676395,1.817722,0.000000,0.004410,-0.013106,-0.023937
57.300032,2.680452,1.819625,1.593425,91.30,0.134380,-0.020446,2.676394,1.832725,0.000000,0.004059,-0.013105,-0.022629
57.400096,2.680127,1.833998,1.593192,91.28,0.136557,-0.021159,2.676394,1.847724,0.000000,0.003734,-0.013742,-0.022396
57.500130,2.679838,1.847637,1.590802,91.15,0.141784,-0.018825,2.676394,1.862724,0.000000,0.003444,-0.015108,-0.020005
57.600046,2.679595,1.861252,1.586849,90.92,0.148023,-0.013291,2.676394,1.877726,0.000000,0.003202,-0.016480,-0.016052
57.700102,2.679398,1.875248,1.583322,90.72,0.153248,-0.007368,2.676394,1.892724,0.000000,0.003005,-0.017493,-0.012526
57.800129,2.679287,1.884865,1.581759,90.63,0.172936,-0.003528,2.676394,1.907724,0.000000,0.002893,-0.022880,-0.010963
57.900056,2.679154,1.900127,1.577911,90.41,0.178021,0.003065,2.676394,1.922726,0.000000,0.002761,-0.022607,-0.007115
58.000057,2.679075,1.916047,1.574255,90.20,0.176006,0.009639,2.676394,1.937724,0.000000,0.002681,-0.021687,-0.003459
58.100121,2.679062,1.932727,1.572167,90.08,0.169666,0.014114,2.676393,1.952721,0.000000,0.002669,-0.020017,-0.001371
58.200062,2.678964,1.950368,1.580148,90.54,0.158862,0.003120,2.676393,1.967722,0.000000,0.002571,-0.017367,-0.009352
58.300119,2.678728,1.968312,1.586657,90.91,0.145661,-0.009525,2.676393,1.982721,0.000000,0.002335,-0.014431,-0.015861
58.400134,2.678447,1.985521,1.587265,90.94,0.134220,-0.016918,2.676393,1.997723,0.000000,0.002054,-0.012225,-0.016468
58.500047,2.678198,2.001692,1.585541,90.84,0.126830,-0.017626,2.676393,2.012727,0.000000,0.001805,-0.011040,-0.014745
58.599995,2.677981,2.016675,1.585672,90.85,0.124655,-0.019064,2.676393,2.027725,0.000000,0.001588,-0.011050,-0.014876
58.700106,2.677788,2.030822,1.583514,90.73,0.127229,-0.017028,2.676393,2.042718,0.000000,0.001395,-0.011919,-0.012718
58.800037,2.677644,2.043578,1.580746,90.57,0.135607,-0.013103,2.676393,2.057717,0.000000,0.001250,-0.014153,-0.009949
58.900127,2.677529,2.056005,1.579096,90.48,0.146830,-0.010077,2.676393,2.072716,0.000000,0.001136,-0.016739,-0.008300
59.000148,2.677433,2.068837,1.577854,90.40,0.157566,-0.007864,2.676393,2.087719,0.000000,0.001040,-0.018910,-0.007058
59.100055,2.677349,2.082758,1.575431,90.27,0.164471,-0.003941,2.676393,2.102725,0.000000,0.000956,-0.019976,-0.004634
59.200136,2.677305,2.097438,1.571451,90.04,0.167589,0.002674,2.676393,2.117725,0.000000,0.000911,-0.020308,-0.000654
59.300165,2.677327,2.113586,1.566558,89.76,0.164269,0.011245,2.676393,2.132727,0.000000,0.000934,-0.019164,0.004238
59.400095,2.677404,2.130392,1.566030,89.73,0.157167,0.014659,2.676393,2.147731,0.000000,0.001011,-0.017347,0.004766
59.500134,2.677441,2.147375,1.571983,90.07,0.148306,0.006768,2.676393,2.162730,0.000000,0.001048,-0.015370,-0.001187
59.600168,2.677380,2.164232,1.575816,90.29,0.139370,-0.001128,2.676393,2.177730,0.000000,0.000987,-0.013518,-0.005020
59.700020,2.677308,2.175040,1.578898,90.46,0.151168,-0.007876,2.676393,2.192733,0.000000,0.000914,-0.017689,-0.008101
59.800106,2.677226,2.185391,1.579412,90.49,0.170384,-0.010708,2.676393,2.207728,0.000000,0.000833,-0.022350,-0.008616
59.900135,2.677052,2.205209,1.580053,90.53,0.159636,-0.012961,2.676393,2.222725,0.000000,0.000658,-0.017537,-0.009257
60.000062,2.676892,2.221381,1.581065,90.59,0.152401,-0.015832,2.676393,2.237726,0.000000,0.000498,-0.016353,-0.010269
60.100121,2.676725,2.238465,1.580559,90.56,0.131838,1.195038,2.665148,2.248954,0.000000,0.036934,-0.002008,-0.009762
60.200153,2.676578,2.254790,1.579647,90.51,0.119215,1.415391,2.652629,2.259909,0.000000,0.037911,-0.000801,-0.008850
60.300020,2.676317,2.269746,1.606836,92.06,0.101621,0.150107,2.652986,2.275063,0.000000,-0.000076,-0.012982,-0.036039
60.400064,2.675393,2.282060,1.693286,97.02,0.112953,-0.531849,2.659458,2.291563,0.000000,-0.001000,-0.015675,-0.122490
60.500130,2.673654,2.292904,1.757688,100.71,0.138623,-0.816623,2.667160,2.308484,0.000000,-0.002739,-0.019840,-0.186892
60.600029,2.671574,2.303767,1.752810,100.43,0.166520,-0.800735,2.672829,2.325111,0.000000,-0.004819,-0.023962,-0.182013
60.700074,2.670217,2.311829,1.720575,98.58,0.202088,-0.647576,2.676022,2.341274,0.000000,-0.006177,-0.030907,-0.149778
60.800115,2.668597,2.325602,1.656739,94.92,0.219507,-0.441536,2.677305,2.357018,0.000000,-0.007796,-0.032140,-0.085943
60.900020,2.667693,2.341191,1.604941,91.96,0.220000,-0.261186,2.677476,2.372460,0.000000,-0.008700,-0.031537,-0.034145
61.000076,2.667387,2.358779,1.574593,90.22,0.217466,-0.138373,2.677179,2.387718,0.000000,-0.009006,-0.028957,-0.003797
61.100100,2.667475,2.378015,1.560084,89.39,0.200135,-0.072030,2.676835,2.402873,0.000000,-0.008918,-0.024725,0.010712
61.200053,2.667740,2.398008,1.557049,89.21,0.177980,-0.039568,2.676575,2.417976,0.000000,-0.008653,-0.019725,0.013747
61.300083,2.668035,2.418558,1.557070,89.21,0.152527,-0.026220,2.676421,2.433047,0.000000,-0.008358,-0.014179,0.013726
61.400139,2.668325,2.438526,1.555260,89.11,0.128088,-0.020225,2.676357,2.448094,0.000000,-0.008068,-0.009220,0.015536
61.500057,2.668608,2.456216,1.555370,89.12,0.111577,-0.017058,2.676351,2.463121,0.000000,-0.007785,-0.006518,0.015427
61.600073,2.668844,2.470945,1.553578,89.01,0.107471,-0.011480,2.676373,2.478128,0.000000,-0.007550,-0.006791,0.017219
61.700133,2.668998,2.479347,1.551531,88.90,0.128793,-0.007775,2.676401,2.493116,0.000000,-0.007395,-0.013398,0.019265
61.800064,2.669256,2.490835,1.545601,88.56,0.147094,0.001095,2.676417,2.508090,0.000000,-0.007137,-0.016900,0.025195
61.900047,2.669577,2.502195,1.539916,88.23,0.164800,0.011181,2.676422,2.523053,0.000000,-0.006816,-0.020537,0.030881
62.000097,2.669999,2.515020,1.536717,88.05,0.177287,0.020062,2.676421,2.538009,0.000000,-0.006394,-0.022719,0.034080
62.100065,2.670515,2.529894,1.536127,88.01,0.181226,0.025883,2.676418,2.552962,0.000000,-0.005879,-0.022840,0.034669
62.200091,2.671078,2.546742,1.539394,88.20,0.175524,0.025369,2.676415,2.567915,0.000000,-0.005315,-0.020997,0.031402
62.300117,2.671584,2.564604,1.545714,88.56,0.163860,0.018996,2.676412,2.582871,0.000000,-0.004809,-0.018139,0.025082
62.400024,2.671999,2.583127,1.551592,88.90,0.148223,0.012081,2.676410,2.597832,0.000000,-0.004394,-0.014602,0.019204
62.500071,2.672294,2.600943,1.557171,89.22,0.133806,0.004927,2.676407,2.612797,0.000000,-0.004099,-0.011793,0.013625
62.600099,2.672523,2.617799,1.556014,89.15,0.123112,0.006606,2.676405,2.627767,0.000000,-0.003870,-0.009941,0.014782
62.700038,2.672673,2.628150,1.555439,89.12,0.135877,0.008136,2.676404,2.642746,0.000000,-0.003720,-0.014581,0.015357
62.800084,2.672895,2.642018,1.553938,89.03,0.143571,0.011050,2.676403,2.657730,0.000000,-0.003499,-0.015720,0.016859
62.900085,2.673078,2.655052,1.558656,89.30,0.152508,0.005007,2.676401,2.672721,0.000000,-0.003315,-0.017686,0.012140
63.000041,2.673218,2.668719,1.562167,89.51,0.159695,-0.001380,2.676400,2.687718,0.000000,-0.003176,-0.019013,0.008630
63.100060,2.673335,2.683398,1.562334,89.52,0.162931,-0.002884,2.676399,2.702716,0.000000,-0.003059,-0.019336,0.008463
63.200126,2.673473,2.698812,1.560251,89.40,0.162161,0.000614,2.676399,2.717716,0.000000,-0.002920,-0.018932,0.010545
63.300047,2.673660,2.714934,1.558458,89.29,0.158136,0.005114,2.676398,2.732721,0.000000,-0.002733,-0.017799,0.012338
63.400164,2.673896,2.731662,1.555649,89.13,0.151066,0.011638,2.676397,2.747721,0.000000,-0.002497,-0.016087,0.015148
63.500114,2.674169,2.748239,1.552857,88.97,0.143628,0.018648,2.676397,2.762725,0.000000,-0.002224,-0.014504,0.017940
63.600068,2.674439,2.764232,1.555045,89.10,0.138011,0.018663,2.676396,2.777727,0.000000,-0.001954,-0.013503,0.015752
63.700169,2.674641,2.779595,1.561720,89.48,0.135056,0.010215,2.676396,2.792725,0.000000,-0.001752,-0.013156,0.009076
63.800115,2.674743,2.794831,1.567059,89.79,0.133387,0.001247,2.676395,2.807727,0.000000,-0.001651,-0.012911,0.003737
63.900031,2.674778,2.809233,1.568753,89.88,0.135280,-0.003726,2.676395,2.822727,0.000000,-0.001615,-0.013497,0.002043
64.000081,2.674796,2.818598,1.569087,89.90,0.154814,-0.005778,2.676395,2.837723,0.000000,-0.001597,-0.019139,0.001709
64.100171,2.674837,2.832569,1.567478,89.81,0.164237,-0.004090,2.676395,2.852721,0.000000,-0.001556,-0.020182,0.003318
64.200068,2.674876,2.847249,1.569106,89.90,0.168176,-0.006126,2.676394,2.867724,0.000000,-0.001517,-0.020486,0.001690
64.300094,2.674891,2.863347,1.570399,89.98,0.165258,-0.008488,2.676394,2.882724,0.000000,-0.001502,-0.019392,0.000397
64.400101,2.674878,2.879951,1.571535,90.04,0.158936,-0.010548,2.676394,2.897725,0.000000,-0.001515,-0.017790,-0.000739
64.500028,2.674871,2.896884,1.571343,90.03,0.150491,-0.010515,2.676394,2.912725,0.000000,-0.001522,-0.015846,-0.000547
64.600060,2.674892,2.913563,1.568594,89.87,0.142244,-0.006001,2.676394,2.927722,0.000000,-0.001501,-0.014171,0.002203
64.700115,2.674962,2.929712,1.563282,89.57,0.135891,0.002825,2.676394,2.942719,0.000000,-0.001432,-0.013031,0.007514
64.800046,2.675125,2.945125,1.557646,89.25,0.132619,0.013193,2.676394,2.957721,0.000000,-0.001268,-0.012607,0.013150
64.900126,2.675330,2.959323,1.556322,89.17,0.134706,0.019414,2.676394,2.972720,0.000000,-0.001063,-0.013421,0.014475
65.000138,2.675456,2.968459,1.558494,89.30,0.155117,0.018471,2.676393,2.987723,0.000000,-0.000937,-0.019287,0.012302
65.100048,2.675587,2.982177,1.563858,89.60,0.165674,0.010765,2.676393,3.002727,0.000000,-0.000806,-0.020556,0.006939
65.200099,2.675652,2.996908,1.568595,89.87,0.169731,0.002323,2.676393,3.017725,0.000000,-0.000741,-0.020832,0.002202
65.300108,2.675664,3.012980,1.571213,90.02,0.166945,-0.003808,2.676393,3.032725,0.000000,-0.000729,-0.019761,-0.000417
65.400046,2.675644,3.029964,1.573560,90.16,0.159389,-0.008704,2.676393,3.047726,0.000000,-0.000749,-0.017768,-0.002764
65.500090,2.675582,3.047605,1.574764,90.23,0.148155,-0.011725,2.676393,3.062723,0.000000,-0.000811,-0.015134,-0.003968
65.600106,2.675487,3.065246,1.576747,90.34,0.135844,-0.015362,2.676393,3.077722,0.000000,-0.000907,-0.012495,-0.005950
65.700137,2.675432,3.076079,1.576110,90.30,0.146531,-0.015795,2.676393,3.092723,0.000000,-0.000961,-0.016667,-0.005314
65.800069,2.675360,3.091139,1.576174,90.31,0.149624,-0.016409,2.676393,3.107727,0.000000,-0.001033,-0.016597,-0.005377
65.900041,2.675295,3.105540,1.575046,90.24,0.152570,-0.015316,2.676393,3.122726,0.000000,-0.001098,-0.017191,-0.004250
66.000026,2.675260,3.120246,1.570633,89.99,0.154438,-0.008757,2.676393,3.137722,0.000000,-0.001133,-0.017483,0.000164
66.100082,2.675307,3.135483,1.563603,89.59,0.154057,0.002156,2.676393,3.152717,0.000000,-0.001086,-0.017255,0.007194
66.200090,2.675455,3.151200,1.558587,89.30,0.151340,0.012830,2.676393,3.167716,0.000000,-0.000938,-0.016539,0.012210
66.300094,2.675645,3.166917,1.559565,89.36,0.148104,0.016029,2.676393,3.182719,0.000000,-0.000748,-0.015823,0.011231
66.400100,2.675754,3.177420,1.562030,89.50,0.162634,0.013729,2.676393,3.197722,0.000000,-0.000639,-0.020320,0.008766
66.500085,2.675850,3.192935,1.567166,89.79,0.165317,0.006013,2.676393,3.212724,0.000000,-0.000543,-0.019803,0.003630
66.600066,2.675888,3.208780,1.570680,89.99,0.162883,-0.000860,2.676393,3.227724,0.000000,-0.000505,-0.018955,0.000116
66.700102,2.675894,3.225282,1.571524,90.04,0.157049,-0.003772,2.676393,3.242722,0.000000,-0.000499,-0.017458,-0.000727
66.800106,2.675859,3.242266,1.572975,90.12,0.148594,-0.006597,2.676393,3.257722,0.000000,-0.000534,-0.015475,-0.002179
66.900051,2.675800,3.259376,1.574934,90.24,0.138928,-0.010259,2.676393,3.272724,0.000000,-0.000593,-0.013357,-0.004138
67.000137,2.675753,3.275777,1.573355,90.15,0.131273,-0.008799,2.676393,3.287722,0.000000,-0.000640,-0.011968,-0.002559
67.100207,2.675707,3.290812,1.574093,90.19,0.128876,-0.009706,2.676393,3.302724,0.000000,-0.000686,-0.011944,-0.003297
67.200035,2.675638,3.305036,1.575304,90.26,0.131199,-0.011961,2.676393,3.317730,0.000000,-0.000755,-0.012694,-0.004507
67.300100,2.675589,3.318476,1.572291,90.09,0.137164,-0.008449,2.676393,3.332729,0.000000,-0.000804,-0.014264,-0.001494
67.400121,2.675606,3.331613,1.566901,89.78,0.145270,-0.000100,2.676393,3.347727,0.000000,-0.000787,-0.016131,0.003895
67.500119,2.675699,3.345078,1.561256,89.45,0.152917,0.009864,2.676393,3.362727,0.000000,-0.000694,-0.017665,0.009540
67.600145,2.675858,3.359276,1.558988,89.32,0.157928,0.017095,2.676393,3.377728,0.000000,-0.000535,-0.018471,0.011808
67.700180,2.676036,3.374461,1.560469,89.41,0.158812,0.017582,2.676393,3.392730,0.000000,-0.000357,-0.018291,0.010327
67.800088,2.676173,3.390255,1.564192,89.62,0.156032,0.012796,2.676393,3.407734,0.000000,-0.000221,-0.017484,0.006604
67.900143,2.676230,3.400961,1.567669,89.82,0.169968,0.006824,2.676393,3.422732,0.000000,-0.000163,-0.021786,0.003128
